date,home_team,visitor_team,h1_total,h2_total,q1_total,q2_total,q3_total,q4_total,h1_spread,h2_spread,q1_spread,q2_spread,q3_spread,q4_spread
2020-12-25,Boston Celtics,Brooklyn Nets,112.1658917615014,110.09190222860421,56.13297443062726,56.03291733087415,56.426572291509245,53.66532993709497,0.5,0.5,0.25,0.25,0.25,0.25
2020-12-25,Milwaukee Bucks,Golden State Warriors,,,,,,,-3.75,-3.75,-1.875,-1.875,-1.875,-1.875
2020-12-25,Miami Heat,New Orleans Pelicans,,,,,,,-2.75,-2.75,-1.375,-1.375,-1.375,-1.375
2020-12-26,Memphis Grizzlies,Atlanta Hawks,118.94101274038402,116.74174867194272,59.52355677878595,59.417455961598094,59.834888738647386,56.90685993329533,-0.5,-0.5,-0.25,-0.25,-0.25,-0.25
2020-12-27,Washington Wizards,Orlando Magic,114.92612623437951,112.80109892774212,57.51432279469191,57.41180343968761,57.81514565886182,54.9859532688803,-1.0,-1.0,-0.5,-0.5,-0.5,-0.5
2020-12-27,Sacramento Kings,Phoenix Suns,114.42426542112894,112.30851770971705,57.263168546680156,57.1610968744488,57.56267777388862,54.74583993582842,1.75,1.75,0.875,0.875,0.875,0.875
2021-01-02,Houston Rockets,Sacramento Kings,117.68636070725762,115.51029562688004,58.895671158756564,58.790689548501064,59.203719026214394,56.306576600665636,-2.25,-2.25,-1.125,-1.125,-1.125,-1.125
2021-01-23,Phoenix Suns,Denver Nuggets,110.15844850849913,108.1215773565039,55.12835743858024,55.03009106991891,55.41670075161646,52.70487660488745,-0.5,-0.5,-0.25,-0.25,-0.25,-0.25
2021-02-06,Oklahoma City Thunder,Minnesota Timberwolves,110.6603093217497,108.61415857452899,55.37951168659199,55.28079763515772,55.66916863658966,52.944989937939326,1.0,1.0,0.5,0.5,0.5,0.5
2021-02-06,Orlando Magic,Chicago Bulls,112.66775257475196,110.58448344662928,56.384128678639016,56.283623896112964,56.67904017648244,53.90544327014685,1.25,1.25,0.625,0.625,0.625,0.625
2021-02-06,Cleveland Cavaliers,Milwaukee Bucks,114.67519582775422,112.55480831872958,57.388745670686035,57.2864501570682,57.68891171637522,54.86589660235436,5.5,5.5,2.75,2.75,2.75,2.75
2021-02-13,Phoenix Suns,Philadelphia 76ers,113.92240460787838,111.81593649169197,57.0120142986684,56.91039030920999,57.31020988891543,54.50572660277654,0.5,0.5,0.25,0.25,0.25,0.25
2021-03-14,Minnesota Timberwolves,Portland Trail Blazers,116.93356948738177,114.77142379984242,58.51893978673893,58.41462970064285,58.8250171987546,55.946406601087816,2.25,2.25,1.125,1.125,1.125,1.125
2021-03-19,Cleveland Cavaliers,San Antonio Spurs,106.89635322237046,104.91979943934092,53.49585482650383,53.40049839586664,53.77565949929069,51.14413994005024,4.25,4.25,2.125,2.125,2.125,2.125
2021-03-19,Boston Celtics,Sacramento Kings,116.68263908075649,114.52513319082988,58.393362662733054,58.28927641802345,58.69878325626801,55.826349934561875,-2.75,-2.75,-1.375,-1.375,-1.375,-1.375
2021-03-20,Los Angeles Lakers,Atlanta Hawks,112.41682216812669,110.33819283761675,56.25855155463314,56.158270613493556,56.55280623399584,53.78538660362091,-2.0,-2.0,-1.0,-1.0,-1.0,-1.0
2021-03-20,Memphis Grizzlies,Golden State Warriors,110.6603093217497,108.61415857452899,55.37951168659199,55.28079763515772,55.66916863658966,52.944989937939326,-3.25,-3.25,-1.625,-1.625,-1.625,-1.625
2021-03-26,Milwaukee Bucks,Boston Celtics,120.697525586761,118.46578293503048,60.40259664682709,60.29492893993393,60.71852633605357,57.74725659897691,-2.0,-2.0,-1.0,-1.0,-1.0,-1.0
2021-03-26,Toronto Raptors,Phoenix Suns,117.18449989400705,115.01771440885496,58.644516910744805,58.539982983262256,58.9512511412412,56.066463267613756,1.75,1.75,0.875,0.875,0.875,0.875
2021-03-26,Detroit Pistons,Brooklyn Nets,111.66403094825083,109.59932101057913,55.8818201826155,55.78221076563534,56.174104406536046,53.42521660404309,4.75,4.75,2.375,2.375,2.375,2.375
2021-03-27,Utah Jazz,Memphis Grizzlies,115.17705664100478,113.04738953675466,57.639899918697786,57.53715672230702,57.941379601348416,55.10600993540624,-5.0,-5.0,-2.5,-2.5,-2.5,-2.5
2021-03-27,Minnesota Timberwolves,Houston Rockets,115.17705664100478,113.04738953675466,57.639899918697786,57.53715672230702,57.941379601348416,55.10600993540624,-2.0,-2.0,-1.0,-1.0,-1.0,-1.0
2021-04-02,New York Knicks,Dallas Mavericks,106.89635322237046,104.91979943934092,53.49585482650383,53.40049839586664,53.77565949929069,51.14413994005024,2.75,2.75,1.375,1.375,1.375,1.375
2021-04-02,Boston Celtics,Houston Rockets,111.91496135487611,109.84561161959168,56.00739730662138,55.90756404825475,56.300338349022645,53.54527327056903,-6.25,-6.25,-3.125,-3.125,-3.125,-3.125
2021-04-02,Toronto Raptors,Golden State Warriors,107.14728362899574,105.16609004835347,53.62143195050971,53.52585167848605,53.90189344177729,51.26419660657618,-7.25,-7.25,-3.625,-3.625,-3.625,-3.625
2021-04-09,Orlando Magic,Indiana Pacers,116.68263908075649,114.52513319082988,58.393362662733054,58.28927641802345,58.69878325626801,55.826349934561875,3.25,3.25,1.625,1.625,1.625,1.625
2021-04-09,Boston Celtics,Minnesota Timberwolves,114.17333501450366,112.0622271007045,57.13759142267428,57.035743591829394,57.43644383140202,54.62578326930248,-4.25,-4.25,-2.125,-2.125,-2.125,-2.125
2021-04-09,New York Knicks,Memphis Grizzlies,108.65286606874744,106.64383370242868,54.37489469454497,54.27797137420248,54.659297096696875,51.98453660573181,1.75,1.75,0.875,0.875,0.875,0.875
2021-04-16,Philadelphia 76ers,Los Angeles Clippers,107.14728362899574,105.16609004835347,53.62143195050971,53.52585167848605,53.90189344177729,51.26419660657618,-4.25,-4.25,-2.125,-2.125,-2.125,-2.125
2021-04-16,Brooklyn Nets,Charlotte Hornets,112.41682216812669,110.33819283761675,56.25855155463314,56.158270613493556,56.55280623399584,53.78538660362091,-6.0,-6.0,-3.0,-3.0,-3.0,-3.0
2021-04-16,Washington Wizards,New Orleans Pelicans,118.18822152050818,116.0028768449051,59.146825406768315,59.04139611373988,59.456186911187594,56.546689933717516,-2.25,-2.25,-1.125,-1.125,-1.125,-1.125
2021-04-16,Detroit Pistons,Oklahoma City Thunder,109.65658769524858,107.62899613847884,54.87720319056848,54.779384504680095,55.16423286664327,52.46476327183557,3.25,3.25,1.625,1.625,1.625,1.625
2021-04-16,Utah Jazz,Indiana Pacers,,,,,,,-3.25,-3.25,-1.625,-1.625,-1.625,-1.625
2021-04-16,Toronto Raptors,Orlando Magic,106.39449240911989,104.42721822131585,53.24470057849207,53.149791830627834,53.52319161431749,50.90402660699836,-1.5,-1.5,-0.75,-0.75,-0.75,-0.75
2021-04-23,Atlanta Hawks,Miami Heat,108.15100525549687,106.15125248440361,54.12374044653322,54.027264808963665,54.406829211723675,51.74442327267993,3.75,3.75,1.875,1.875,1.875,1.875
2021-04-23,Brooklyn Nets,Boston Celtics,113.16961338800253,111.07706466465436,56.63528292665077,56.53433046135177,56.93150806145564,54.14555660319872,-1.75,-1.75,-0.875,-0.875,-0.875,-0.875
2021-04-30,Cleveland Cavaliers,Washington Wizards,117.18449989400705,115.01771440885496,58.644516910744805,58.539982983262256,58.9512511412412,56.066463267613756,3.25,3.25,1.625,1.625,1.625,1.625
2021-04-30,Philadelphia 76ers,Atlanta Hawks,108.65286606874744,106.64383370242868,54.37489469454497,54.27797137420248,54.659297096696875,51.98453660573181,-3.75,-3.75,-1.875,-1.875,-1.875,-1.875
2021-04-30,Boston Celtics,San Antonio Spurs,111.66403094825083,109.59932101057913,55.8818201826155,55.78221076563534,56.174104406536046,53.42521660404309,-0.75,-0.75,-0.375,-0.375,-0.375,-0.375
2021-05-01,Charlotte Hornets,Detroit Pistons,,,,,,,-2.75,-2.75,-1.375,-1.375,-1.375,-1.375
2021-05-07,Philadelphia 76ers,New Orleans Pelicans,115.17705664100478,113.04738953675466,57.639899918697786,57.53715672230702,57.941379601348416,55.10600993540624,-7.75,-7.75,-3.875,-3.875,-3.875,-3.875
2021-05-07,Chicago Bulls,Boston Celtics,113.4205437946278,111.32335527366689,56.760860050656646,56.65968374397118,57.05774200394223,54.26561326972466,2.0,2.0,1.0,1.0,1.0,1.0
2021-05-14,Washington Wizards,Cleveland Cavaliers,117.68636070725762,115.51029562688004,58.895671158756564,58.790689548501064,59.203719026214394,56.306576600665636,-4.75,-4.75,-2.375,-2.375,-2.375,-2.375
2021-05-14,Memphis Grizzlies,Sacramento Kings,113.16961338800253,111.07706466465436,56.63528292665077,56.53433046135177,56.93150806145564,54.14555660319872,,,,,,
2021-05-15,New York Knicks,Charlotte Hornets,106.39449240911989,104.42721822131585,53.24470057849207,53.149791830627834,53.52319161431749,50.90402660699836,-2.5,-2.5,-1.25,-1.25,-1.25,-1.25
2021-05-15,Indiana Pacers,Los Angeles Lakers,,,,,,,3.25,3.25,1.625,1.625,1.625,1.625
2021-10-19,Milwaukee Bucks,Brooklyn Nets,120.697525586761,118.46578293503048,60.40259664682709,60.29492893993393,60.71852633605357,57.74725659897691,0.75,0.75,0.375,0.375,0.375,0.375
2021-10-20,New York Knicks,Boston Celtics,109.154726881998,107.13641492045376,54.62604894255673,54.52867793944129,54.91176498167007,52.22464993878369,-0.5,-0.5,-0.25,-0.25,-0.25,-0.25
2021-10-20,Detroit Pistons,Chicago Bulls,110.6603093217497,108.61415857452899,55.37951168659199,55.28079763515772,55.66916863658966,52.944989937939326,1.25,1.25,0.625,0.625,0.625,0.625
2021-10-20,Toronto Raptors,Washington Wizards,110.40937891512442,108.36786796551645,55.25393456258612,55.15544435253831,55.54293469410306,52.824933271413386,-1.75,-1.75,-0.875,-0.875,-0.875,-0.875
2021-10-20,Charlotte Hornets,Indiana Pacers,114.67519582775422,112.55480831872958,57.388745670686035,57.2864501570682,57.68891171637522,54.86589660235436,-1.0,-1.0,-0.5,-0.5,-0.5,-0.5
2021-10-21,Atlanta Hawks,Dallas Mavericks,112.66775257475196,110.58448344662928,56.384128678639016,56.283623896112964,56.67904017648244,53.90544327014685,-1.25,-1.25,-0.625,-0.625,-0.625,-0.625
2021-10-22,Philadelphia 76ers,Brooklyn Nets,114.17333501450366,112.0622271007045,57.13759142267428,57.035743591829394,57.43644383140202,54.62578326930248,-0.75,-0.75,-0.375,-0.375,-0.375,-0.375
2021-10-22,Boston Celtics,Toronto Raptors,106.64542281574518,104.67350883032839,53.37027770249795,53.275145113247234,53.64942555680409,51.0240832735243,-3.75,-3.75,-1.875,-1.875,-1.875,-1.875
2021-10-22,Washington Wizards,Indiana Pacers,120.697525586761,118.46578293503048,60.40259664682709,60.29492893993393,60.71852633605357,57.74725659897691,2.75,2.75,1.375,1.375,1.375,1.375
2021-10-22,Orlando Magic,New York Knicks,106.64542281574518,104.67350883032839,53.37027770249795,53.275145113247234,53.64942555680409,51.0240832735243,11.5,11.5,5.75,5.75,5.75,5.75
2021-10-22,Cleveland Cavaliers,Charlotte Hornets,118.69008233375875,116.49545806293018,59.39797965478007,59.29210267897869,59.708654796160786,56.7868032667694,-2.0,-2.0,-1.0,-1.0,-1.0,-1.0
2021-10-23,Indiana Pacers,Miami Heat,112.41682216812669,110.33819283761675,56.25855155463314,56.158270613493556,56.55280623399584,53.78538660362091,1.75,1.75,0.875,0.875,0.875,0.875
2021-10-23,Toronto Raptors,Dallas Mavericks,108.65286606874744,106.64383370242868,54.37489469454497,54.27797137420248,54.659297096696875,51.98453660573181,1.75,1.75,0.875,0.875,0.875,0.875
2021-10-29,Miami Heat,Charlotte Hornets,109.65658769524858,107.62899613847884,54.87720319056848,54.779384504680095,55.16423286664327,52.46476327183557,-2.75,-2.75,-1.375,-1.375,-1.375,-1.375
2021-10-29,Toronto Raptors,Orlando Magic,103.63425793624178,101.71802152217793,51.86335221442742,51.77090572181437,52.13461824696492,49.58340327521302,-4.0,-4.0,-2.0,-2.0,-2.0,-2.0
2021-10-30,Washington Wizards,Boston Celtics,112.91868298137724,110.83077405564183,56.50970580264489,56.408977178732364,56.80527411896904,54.02549993667279,-1.25,-1.25,-0.625,-0.625,-0.625,-0.625
2021-10-30,Detroit Pistons,Orlando Magic,103.3833275296165,101.4717309131654,51.73777509042154,51.645552439194965,52.00838430447832,49.46334660868708,-2.5,-2.5,-1.25,-1.25,-1.25,-1.25
2021-10-30,New Orleans Pelicans,New York Knicks,107.90007484887158,105.90496187539108,53.99816332252734,53.901911526344264,54.28059526923708,51.62436660615399,2.75,2.75,1.375,1.375,1.375,1.375
2021-10-30,Indiana Pacers,Toronto Raptors,,,,,,,-1.5,-1.5,-0.75,-0.75,-0.75,-0.75
2021-10-30,Philadelphia 76ers,Atlanta Hawks,,,,,,,-1.75,-1.75,-0.875,-0.875,-0.875,-0.875
2021-11-05,Detroit Pistons,Brooklyn Nets,100.62309305673838,98.7625342140275,50.356426726356894,50.26666633038151,50.61981093712574,48.14272327690175,3.25,3.25,1.625,1.625,1.625,1.625
2021-11-05,Orlando Magic,San Antonio Spurs,98.36471939711085,96.54591873291466,49.226232610303995,49.138486786806865,49.483705454746364,47.062213278168294,4.25,4.25,2.125,2.125,2.125,2.125
2021-11-05,Washington Wizards,Memphis Grizzlies,115.42798704763007,113.2936801457672,57.765477042703665,57.66251000492642,58.067613543835016,55.22606660193218,-3.5,-3.5,-1.75,-1.75,-1.75,-1.75
2021-11-05,Milwaukee Bucks,New York Knicks,108.65286606874744,106.64383370242868,54.37489469454497,54.27797137420248,54.659297096696875,51.98453660573181,-1.75,-1.75,-0.875,-0.875,-0.875,-0.875
2021-11-06,Denver Nuggets,Houston Rockets,108.90379647537272,106.89012431144123,54.50047181855085,54.40332465682188,54.785531039183475,52.10459327225775,-5.25,-5.25,-2.625,-2.625,-2.625,-2.625
2021-11-27,Utah Jazz,New Orleans Pelicans,109.40565728862329,107.38270552946629,54.75162606656261,54.654031222060695,55.03799892415667,52.34470660530963,-6.75,-6.75,-3.375,-3.375,-3.375,-3.375
2021-12-04,New York Knicks,Denver Nuggets,103.13239712299122,101.22544030415287,51.612197966415664,51.520199156575565,51.88215036199172,49.34328994216114,-0.75,-0.75,-0.375,-0.375,-0.375,-0.375
2021-12-18,Detroit Pistons,Houston Rockets,107.90007484887158,105.90496187539108,53.99816332252734,53.901911526344264,54.28059526923708,51.62436660615399,-0.75,-0.75,-0.375,-0.375,-0.375,-0.375
2021-12-25,New York Knicks,Atlanta Hawks,109.65658769524858,107.62899613847884,54.87720319056848,54.779384504680095,55.16423286664327,52.46476327183557,-0.5,-0.5,-0.25,-0.25,-0.25,-0.25
2021-12-25,Milwaukee Bucks,Boston Celtics,117.43543030063233,115.26400501786749,58.770094034750684,58.66533626588166,59.0774850837278,56.186519934139696,-3.5,-3.5,-1.75,-1.75,-1.75,-1.75
2021-12-25,Phoenix Suns,Golden State Warriors,114.67519582775422,112.55480831872958,57.388745670686035,57.2864501570682,57.68891171637522,54.86589660235436,-1.75,-1.75,-0.875,-0.875,-0.875,-0.875
2021-12-25,Phoenix Suns,Golden State Warriors,108.15100525549687,106.15125248440361,54.12374044653322,54.027264808963665,54.406829211723675,51.74442327267993,-3.0,-3.0,-1.5,-1.5,-1.5,-1.5
2021-12-31,Sacramento Kings,Dallas Mavericks,116.4317086741312,114.27884258181734,58.267785538727175,58.16392313540404,58.57254931378141,55.706293268035935,-0.75,-0.75,-0.375,-0.375,-0.375,-0.375
2022-01-08,Los Angeles Clippers,Memphis Grizzlies,107.39821403562102,105.412380657366,53.74700907451558,53.65120496110545,54.02812738426388,51.38425327310212,1.75,1.75,0.875,0.875,0.875,0.875
2022-02-26,Detroit Pistons,Boston Celtics,107.90007484887158,105.90496187539108,53.99816332252734,53.901911526344264,54.28059526923708,51.62436660615399,5.25,5.25,2.625,2.625,2.625,2.625
2022-03-18,Philadelphia 76ers,Dallas Mavericks,108.65286606874744,106.64383370242868,54.37489469454497,54.27797137420248,54.659297096696875,51.98453660573181,-0.75,-0.75,-0.375,-0.375,-0.375,-0.375
2022-03-18,Brooklyn Nets,Portland Trail Blazers,118.69008233375875,116.49545806293018,59.39797965478007,59.29210267897869,59.708654796160786,56.7868032667694,-6.25,-6.25,-3.125,-3.125,-3.125,-3.125
2022-03-25,Atlanta Hawks,Golden State Warriors,112.1658917615014,110.09190222860421,56.13297443062726,56.03291733087415,56.426572291509245,53.66532993709497,-2.25,-2.25,-1.125,-1.125,-1.125,-1.125
2022-03-25,Detroit Pistons,Washington Wizards,105.64170118924405,103.68834639427824,52.86796920647444,52.77373198276961,53.1444897868577,50.54385660742054,0.75,0.75,0.375,0.375,0.375,0.375
2022-03-25,Charlotte Hornets,Utah Jazz,107.90007484887158,105.90496187539108,53.99816332252734,53.901911526344264,54.28059526923708,51.62436660615399,0.75,0.75,0.375,0.375,0.375,0.375
2022-03-26,Portland Trail Blazers,Houston Rockets,117.43543030063233,115.26400501786749,58.770094034750684,58.66533626588166,59.0774850837278,56.186519934139696,2.0,2.0,1.0,1.0,1.0,1.0
2022-10-18,Boston Celtics,Philadelphia 76ers,106.89635322237046,104.91979943934092,53.49585482650383,53.40049839586664,53.77565949929069,51.14413994005024,-1.75,-1.75,-0.875,-0.875,-0.875,-0.875
2022-10-19,Atlanta Hawks,Houston Rockets,117.18449989400705,115.01771440885496,58.644516910744805,58.539982983262256,58.9512511412412,56.066463267613756,-4.75,-4.75,-2.375,-2.375,-2.375,-2.375
2022-10-19,Miami Heat,Chicago Bulls,108.65286606874744,106.64383370242868,54.37489469454497,54.27797137420248,54.659297096696875,51.98453660573181,-3.0,-3.0,-1.5,-1.5,-1.5,-1.5
2022-10-19,Brooklyn Nets,New Orleans Pelicans,115.67891745425536,113.53997075477973,57.891054166709544,57.787863287545825,58.193847486321616,55.34612326845812,-2.0,-2.0,-1.0,-1.0,-1.0,-1.0
2022-10-19,Memphis Grizzlies,New York Knicks,113.67147420125309,111.56964588267944,56.886437174662525,56.78503702659058,57.18397594642883,54.3856699362506,-3.25,-3.25,-1.625,-1.625,-1.625,-1.625
2022-10-19,Toronto Raptors,Cleveland Cavaliers,107.90007484887158,105.90496187539108,53.99816332252734,53.901911526344264,54.28059526923708,51.62436660615399,-1.5,-1.5,-0.75,-0.75,-0.75,-0.75
2022-10-19,Detroit Pistons,Orlando Magic,109.40565728862329,107.38270552946629,54.75162606656261,54.654031222060695,55.03799892415667,52.34470660530963,-1.75,-1.75,-0.875,-0.875,-0.875,-0.875
2022-10-19,Indiana Pacers,Washington Wizards,113.92240460787838,111.81593649169197,57.0120142986684,56.91039030920999,57.31020988891543,54.50572660277654,1.0,1.0,0.5,0.5,0.5,0.5
2022-10-20,Philadelphia 76ers,Milwaukee Bucks,112.91868298137724,110.83077405564183,56.50970580264489,56.408977178732364,56.80527411896904,54.02549993667279,-1.0,-1.0,-0.5,-0.5,-0.5,-0.5
2022-10-21,Charlotte Hornets,New Orleans Pelicans,114.42426542112894,112.30851770971705,57.263168546680156,57.1610968744488,57.56267777388862,54.74583993582842,4.75,4.75,2.375,2.375,2.375,2.375
2022-10-21,Brooklyn Nets,Toronto Raptors,111.41310054162555,109.3530304015666,55.75624305860963,55.65685748301593,56.04787046404945,53.305159937517146,-1.75,-1.75,-0.875,-0.875,-0.875,-0.875
2022-10-21,Atlanta Hawks,Orlando Magic,108.15100525549687,106.15125248440361,54.12374044653322,54.027264808963665,54.406829211723675,51.74442327267993,-4.25,-4.25,-2.125,-2.125,-2.125,-2.125
2022-10-21,New York Knicks,Detroit Pistons,110.6603093217497,108.61415857452899,55.37951168659199,55.28079763515772,55.66916863658966,52.944989937939326,-3.5,-3.5,-1.75,-1.75,-1.75,-1.75
2022-10-21,Indiana Pacers,San Antonio Spurs,120.19566477351044,117.97320171700541,60.15144239881534,60.04422237469512,60.46605845108038,57.50714326592503,2.25,2.25,1.125,1.125,1.125,1.125
2022-10-21,Washington Wizards,Chicago Bulls,109.65658769524858,107.62899613847884,54.87720319056848,54.779384504680095,55.16423286664327,52.46476327183557,0.75,0.75,0.375,0.375,0.375,0.375
2022-10-21,Miami Heat,Boston Celtics,109.154726881998,107.13641492045376,54.62604894255673,54.52867793944129,54.91176498167007,52.22464993878369,-0.75,-0.75,-0.375,-0.375,-0.375,-0.375
2022-10-28,Washington Wizards,Indiana Pacers,118.18822152050818,116.0028768449051,59.146825406768315,59.04139611373988,59.456186911187594,56.546689933717516,-1.75,-1.75,-0.875,-0.875,-0.875,-0.875
2022-10-28,Orlando Magic,Charlotte Hornets,98.8665802103614,97.03849995093972,49.47738685831575,49.38919335204567,49.73617333971956,47.302326611220174,-3.0,-3.0,-1.5,-1.5,-1.5,-1.5
2022-10-28,Boston Celtics,Cleveland Cavaliers,112.1658917615014,110.09190222860421,56.13297443062726,56.03291733087415,56.426572291509245,53.66532993709497,-1.25,-1.25,-0.625,-0.625,-0.625,-0.625
2022-10-28,Toronto Raptors,Philadelphia 76ers,109.40565728862329,107.38270552946629,54.75162606656261,54.654031222060695,55.03799892415667,52.34470660530963,0.75,0.75,0.375,0.375,0.375,0.375
2022-10-28,Detroit Pistons,Atlanta Hawks,117.18449989400705,115.01771440885496,58.644516910744805,58.539982983262256,58.9512511412412,56.066463267613756,2.25,2.25,1.125,1.125,1.125,1.125
2022-10-29,Sacramento Kings,Miami Heat,113.92240460787838,111.81593649169197,57.0120142986684,56.91039030920999,57.31020988891543,54.50572660277654,1.5,1.5,0.75,0.75,0.75,0.75
2022-10-29,Charlotte Hornets,Golden State Warriors,117.18449989400705,115.01771440885496,58.644516910744805,58.539982983262256,58.9512511412412,56.066463267613756,4.5,4.5,2.25,2.25,2.25,2.25
2022-10-29,Brooklyn Nets,Indiana Pacers,117.68636070725762,115.51029562688004,58.895671158756564,58.790689548501064,59.203719026214394,56.306576600665636,-5.5,-5.5,-2.75,-2.75,-2.75,-2.75
2022-11-04,Boston Celtics,Chicago Bulls,111.66403094825083,109.59932101057913,55.8818201826155,55.78221076563534,56.174104406536046,53.42521660404309,-3.75,-3.75,-1.875,-1.875,-1.875,-1.875
2022-11-04,Detroit Pistons,Cleveland Cavaliers,104.63797956274291,102.70318395822808,52.36566071045093,52.272318852291995,52.639554016911305,50.06362994131678,6.75,6.75,3.375,3.375,3.375,3.375
2022-11-04,Washington Wizards,Brooklyn Nets,117.18449989400705,115.01771440885496,58.644516910744805,58.539982983262256,58.9512511412412,56.066463267613756,2.0,2.0,1.0,1.0,1.0,1.0
2022-11-04,Indiana Pacers,Miami Heat,114.42426542112894,112.30851770971705,57.263168546680156,57.1610968744488,57.56267777388862,54.74583993582842,1.25,1.25,0.625,0.625,0.625,0.625
2022-11-04,Philadelphia 76ers,New York Knicks,106.89635322237046,104.91979943934092,53.49585482650383,53.40049839586664,53.77565949929069,51.14413994005024,-0.75,-0.75,-0.375,-0.375,-0.375,-0.375
2022-11-05,Phoenix Suns,Portland Trail Blazers,109.154726881998,107.13641492045376,54.62604894255673,54.52867793944129,54.91176498167007,52.22464993878369,-6.0,-6.0,-3.0,-3.0,-3.0,-3.0
2022-11-25,Charlotte Hornets,Minnesota Timberwolves,114.17333501450366,112.0622271007045,57.13759142267428,57.035743591829394,57.43644383140202,54.62578326930248,-5.25,-5.25,-2.625,-2.625,-2.625,-2.625
2022-11-26,San Antonio Spurs,Los Angeles Lakers,116.68263908075649,114.52513319082988,58.393362662733054,58.28927641802345,58.69878325626801,55.826349934561875,1.5,1.5,0.75,0.75,0.75,0.75
2022-12-10,Miami Heat,San Antonio Spurs,112.91868298137724,110.83077405564183,56.50970580264489,56.408977178732364,56.80527411896904,54.02549993667279,-6.0,-6.0,-3.0,-3.0,-3.0,-3.0
2022-12-17,San Antonio Spurs,Miami Heat,,,,,,,4.0,4.0,2.0,2.0,2.0,2.0
2022-12-25,Boston Celtics,Milwaukee Bucks,110.15844850849913,108.1215773565039,55.12835743858024,55.03009106991891,55.41670075161646,52.70487660488745,-2.25,-2.25,-1.125,-1.125,-1.125,-1.125
2022-12-25,New York Knicks,Philadelphia 76ers,110.15844850849913,108.1215773565039,55.12835743858024,55.03009106991891,55.41670075161646,52.70487660488745,1.75,1.75,0.875,0.875,0.875,0.875
2022-12-25,Dallas Mavericks,Los Angeles Lakers,109.65658769524858,107.62899613847884,54.87720319056848,54.779384504680095,55.16423286664327,52.46476327183557,-2.0,-2.0,-1.0,-1.0,-1.0,-1.0
2022-12-31,Indiana Pacers,Los Angeles Clippers,115.42798704763007,113.2936801457672,57.765477042703665,57.66251000492642,58.067613543835016,55.22606660193218,1.5,1.5,0.75,0.75,0.75,0.75
2023-01-07,San Antonio Spurs,Boston Celtics,118.18822152050818,116.0028768449051,59.146825406768315,59.04139611373988,59.456186911187594,56.546689933717516,6.0,6.0,3.0,3.0,3.0,3.0
2023-01-14,Miami Heat,Milwaukee Bucks,,,,,,,-0.5,-0.5,-0.25,-0.25,-0.25,-0.25
2023-01-15,Portland Trail Blazers,Dallas Mavericks,114.67519582775422,112.55480831872958,57.388745670686035,57.2864501570682,57.68891171637522,54.86589660235436,-1.0,-1.0,-0.5,-0.5,-0.5,-0.5
2023-01-21,Toronto Raptors,Boston Celtics,114.67519582775422,112.55480831872958,57.388745670686035,57.2864501570682,57.68891171637522,54.86589660235436,0.5,0.5,0.25,0.25,0.25,0.25
2023-01-28,Brooklyn Nets,New York Knicks,113.4205437946278,111.32335527366689,56.760860050656646,56.65968374397118,57.05774200394223,54.26561326972466,-0.5,-0.5,-0.25,-0.25,-0.25,-0.25
2023-02-04,New Orleans Pelicans,Los Angeles Lakers,,,,,,,0.5,0.5,0.25,0.25,0.25,0.25
2023-02-11,Sacramento Kings,Dallas Mavericks,116.68263908075649,114.52513319082988,58.393362662733054,58.28927641802345,58.69878325626801,55.826349934561875,-2.25,-2.25,-1.125,-1.125,-1.125,-1.125
2023-02-25,Detroit Pistons,Toronto Raptors,,,,,,,3.25,3.25,1.625,1.625,1.625,1.625
2023-03-04,Washington Wizards,Toronto Raptors,111.66403094825083,109.59932101057913,55.8818201826155,55.78221076563534,56.174104406536046,53.42521660404309,0.5,0.5,0.25,0.25,0.25,0.25
2023-03-11,Los Angeles Clippers,New York Knicks,,,,,,,-2.5,-2.5,-1.25,-1.25,-1.25,-1.25
2023-03-17,Cleveland Cavaliers,Washington Wizards,113.16961338800253,111.07706466465436,56.63528292665077,56.53433046135177,56.93150806145564,54.14555660319872,-3.75,-3.75,-1.875,-1.875,-1.875,-1.875
2023-03-17,Atlanta Hawks,Golden State Warriors,127.97450737889422,125.60821059639406,64.04433324299754,63.930174135896685,64.3793106681649,61.228899928229154,0.5,0.5,0.25,0.25,0.25,0.25
2023-03-17,Charlotte Hornets,Philadelphia 76ers,114.92612623437951,112.80109892774212,57.51432279469191,57.41180343968761,57.81514565886182,54.9859532688803,6.25,6.25,3.125,3.125,3.125,3.125
2023-03-18,New York Knicks,Denver Nuggets,,,,,,,0.75,0.75,0.375,0.375,0.375,0.375
2023-03-18,Indiana Pacers,Philadelphia 76ers,117.68636070725762,115.51029562688004,58.895671158756564,58.790689548501064,59.203719026214394,56.306576600665636,3.0,3.0,1.5,1.5,1.5,1.5
2023-03-18,Los Angeles Clippers,Orlando Magic,113.92240460787838,111.81593649169197,57.0120142986684,56.91039030920999,57.31020988891543,54.50572660277654,-4.25,-4.25,-2.125,-2.125,-2.125,-2.125
2023-03-18,Toronto Raptors,Minnesota Timberwolves,,,,,,,-3.25,-3.25,-1.625,-1.625,-1.625,-1.625
2023-03-24,Washington Wizards,San Antonio Spurs,119.19194314700931,116.98803928095526,59.64913390279183,59.5428092442175,59.961122681133986,57.02691659982127,-6.25,-6.25,-3.125,-3.125,-3.125,-3.125
2023-03-24,Boston Celtics,Indiana Pacers,120.94845599338629,118.71207354404302,60.52817377083297,60.42028222255333,60.84476027854017,57.86731326550285,-5.0,-5.0,-2.5,-2.5,-2.5,-2.5
2023-03-24,Toronto Raptors,Detroit Pistons,113.4205437946278,111.32335527366689,56.760860050656646,56.65968374397118,57.05774200394223,54.26561326972466,-8.75,-8.75,-4.375,-4.375,-4.375,-4.375
2023-03-31,Philadelphia 76ers,Toronto Raptors,120.19566477351044,117.97320171700541,60.15144239881534,60.04422237469512,60.46605845108038,57.50714326592503,-8.0,-8.0,-4.0,-4.0,-4.0,-4.0
2023-03-31,Brooklyn Nets,Atlanta Hawks,117.68636070725762,115.51029562688004,58.895671158756564,58.790689548501064,59.203719026214394,56.306576600665636,1.0,1.0,0.5,0.5,0.5,0.5
2023-03-31,Indiana Pacers,Oklahoma City Thunder,123.7086904662644,121.42127024318093,61.90952213489762,61.79916833136679,62.23333364589274,59.187936597288186,1.0,1.0,0.5,0.5,0.5,0.5
2023-03-31,Cleveland Cavaliers,New York Knicks,116.68263908075649,114.52513319082988,58.393362662733054,58.28927641802345,58.69878325626801,55.826349934561875,-2.75,-2.75,-1.375,-1.375,-1.375,-1.375
2023-03-31,Washington Wizards,Orlando Magic,114.42426542112894,112.30851770971705,57.263168546680156,57.1610968744488,57.56267777388862,54.74583993582842,-0.5,-0.5,-0.25,-0.25,-0.25,-0.25
2023-03-31,Boston Celtics,Utah Jazz,113.67147420125309,111.56964588267944,56.886437174662525,56.78503702659058,57.18397594642883,54.3856699362506,-6.0,-6.0,-3.0,-3.0,-3.0,-3.0
2023-03-31,Charlotte Hornets,Chicago Bulls,111.16217013500027,109.10673979255407,55.63066593460375,55.53150420039653,55.92163652156285,53.185103270991206,6.25,6.25,3.125,3.125,3.125,3.125
2023-04-01,Miami Heat,Dallas Mavericks,,,,,,,-0.5,-0.5,-0.25,-0.25,-0.25,-0.25
2023-04-07,Brooklyn Nets,Orlando Magic,106.64542281574518,104.67350883032839,53.37027770249795,53.275145113247234,53.64942555680409,51.0240832735243,-4.5,-4.5,-2.25,-2.25,-2.25,-2.25
2023-04-07,Atlanta Hawks,Philadelphia 76ers,120.44659518013573,118.21949232601794,60.27701952282121,60.169575657314525,60.59229239356697,57.62719993245097,-5.75,-5.75,-2.875,-2.875,-2.875,-2.875
2023-04-07,Indiana Pacers,Detroit Pistons,122.20310802651271,119.9435265891057,61.15605939086236,61.04704863565036,61.47592999097316,58.467596598132545,1.75,1.75,0.875,0.875,0.875,0.875
2023-04-07,Charlotte Hornets,Houston Rockets,111.41310054162555,109.3530304015666,55.75624305860963,55.65685748301593,56.04787046404945,53.305159937517146,2.25,2.25,1.125,1.125,1.125,1.125
2023-04-07,Boston Celtics,Toronto Raptors,107.14728362899574,105.16609004835347,53.62143195050971,53.52585167848605,53.90189344177729,51.26419660657618,-4.0,-4.0,-2.0,-2.0,-2.0,-2.0
2023-04-07,Washington Wizards,Miami Heat,105.13984037599347,103.19576517625316,52.61681495846268,52.5230254175308,52.892021901884505,50.30374327436866,1.25,1.25,0.625,0.625,0.625,0.625
2023-04-08,Los Angeles Clippers,Portland Trail Blazers,,,,,,,-8.5,-8.5,-4.25,-4.25,-4.25,-4.25
2023-04-08,San Antonio Spurs,Minnesota Timberwolves,,,,,,,6.75,6.75,3.375,3.375,3.375,3.375
2023-10-24,Denver Nuggets,Los Angeles Lakers,114.17333501450366,112.0622271007045,57.13759142267428,57.035743591829394,57.43644383140202,54.62578326930248,-2.5,-2.5,-1.25,-1.25,-1.25,-1.25
2023-10-25,New York Knicks,Boston Celtics,,,,,,,1.25,1.25,0.625,0.625,0.625,0.625
2023-10-25,Brooklyn Nets,Cleveland Cavaliers,,,,,,,1.25,1.25,0.625,0.625,0.625,0.625
2023-10-25,Toronto Raptors,Minnesota Timberwolves,,,,,,,-0.5,-0.5,-0.25,-0.25,-0.25,-0.25
2023-10-25,Charlotte Hornets,Atlanta Hawks,,,,,,,0.75,0.75,0.375,0.375,0.375,0.375
2023-10-25,Orlando Magic,Houston Rockets,,,,,,,-1.75,-1.75,-0.875,-0.875,-0.875,-0.875
2023-10-25,Miami Heat,Detroit Pistons,,,,,,,-4.75,-4.75,-2.375,-2.375,-2.375,-2.375
2023-10-25,Indiana Pacers,Washington Wizards,,,,,,,-3.75,-3.75,-1.875,-1.875,-1.875,-1.875
2023-10-26,Milwaukee Bucks,Philadelphia 76ers,,,,,,,-2.75,-2.75,-1.375,-1.375,-1.375,-1.375
2023-10-27,Charlotte Hornets,Detroit Pistons,106.64542281574518,104.67350883032839,53.37027770249795,53.275145113247234,53.64942555680409,51.0240832735243,0.75,0.75,0.375,0.375,0.375,0.375
2023-10-27,Boston Celtics,Miami Heat,111.66403094825083,109.59932101057913,55.8818201826155,55.78221076563534,56.174104406536046,53.42521660404309,-2.75,-2.75,-1.375,-1.375,-1.375,-1.375
2023-10-27,Atlanta Hawks,New York Knicks,110.6603093217497,108.61415857452899,55.37951168659199,55.28079763515772,55.66916863658966,52.944989937939326,0.5,0.5,0.25,0.25,0.25,0.25
2023-10-27,Memphis Grizzlies,Denver Nuggets,108.15100525549687,106.15125248440361,54.12374044653322,54.027264808963665,54.406829211723675,51.74442327267993,3.75,3.75,1.875,1.875,1.875,1.875
2023-10-27,Cleveland Cavaliers,Oklahoma City Thunder,110.15844850849913,108.1215773565039,55.12835743858024,55.03009106991891,55.41670075161646,52.70487660488745,0.75,0.75,0.375,0.375,0.375,0.375
2023-10-28,Washington Wizards,Memphis Grizzlies,113.16961338800253,111.07706466465436,56.63528292665077,56.53433046135177,56.93150806145564,54.14555660319872,0.75,0.75,0.375,0.375,0.375,0.375
2023-10-28,New Orleans Pelicans,New York Knicks,113.16961338800253,111.07706466465436,56.63528292665077,56.53433046135177,56.93150806145564,54.14555660319872,-1.75,-1.75,-0.875,-0.875,-0.875,-0.875
2023-10-28,Detroit Pistons,Chicago Bulls,110.15844850849913,108.1215773565039,55.12835743858024,55.03009106991891,55.41670075161646,52.70487660488745,1.25,1.25,0.625,0.625,0.625,0.625
2023-10-28,Toronto Raptors,Philadelphia 76ers,109.40565728862329,107.38270552946629,54.75162606656261,54.654031222060695,55.03799892415667,52.34470660530963,1.5,1.5,0.75,0.75,0.75,0.75
2023-11-03,Indiana Pacers,Cleveland Cavaliers,114.67519582775422,112.55480831872958,57.388745670686035,57.2864501570682,57.68891171637522,54.86589660235436,-3.25,-3.25,-1.625,-1.625,-1.625,-1.625
2023-11-03,Chicago Bulls,Brooklyn Nets,,,,,,,-1.5,-1.5,-0.75,-0.75,-0.75,-0.75
2023-11-03,Milwaukee Bucks,New York Knicks,112.66775257475196,110.58448344662928,56.384128678639016,56.283623896112964,56.67904017648244,53.90544327014685,-3.25,-3.25,-1.625,-1.625,-1.625,-1.625
2023-11-04,Orlando Magic,Los Angeles Lakers,109.40565728862329,107.38270552946629,54.75162606656261,54.654031222060695,55.03799892415667,52.34470660530963,1.75,1.75,0.875,0.875,0.875,0.875
2023-11-10,Boston Celtics,Brooklyn Nets,,,,,,,-4.75,-4.75,-2.375,-2.375,-2.375,-2.375
2023-11-10,Detroit Pistons,Philadelphia 76ers,,,,,,,3.0,3.0,1.5,1.5,1.5,1.5
2023-11-14,Charlotte Hornets,Miami Heat,,,,,,,1.25,1.25,0.625,0.625,0.625,0.625
2023-11-14,Oklahoma City Thunder,San Antonio Spurs,,,,,,,-4.25,-4.25,-2.125,-2.125,-2.125,-2.125
2023-11-14,Brooklyn Nets,Orlando Magic,,,,,,,-1.25,-1.25,-0.625,-0.625,-0.625,-0.625
2023-11-14,Philadelphia 76ers,Indiana Pacers,,,,,,,-3.25,-3.25,-1.625,-1.625,-1.625,-1.625
2023-11-14,Detroit Pistons,Atlanta Hawks,,,,,,,1.5,1.5,0.75,0.75,0.75,0.75
2023-11-17,San Antonio Spurs,Sacramento Kings,,,,,,,1.0,1.0,0.5,0.5,0.5,0.5
2023-11-17,Charlotte Hornets,Milwaukee Bucks,,,,,,,2.25,2.25,1.125,1.125,1.125,1.125
2023-11-17,Atlanta Hawks,Philadelphia 76ers,,,,,,,0.5,0.5,0.25,0.25,0.25,0.25
2023-11-17,Washington Wizards,New York Knicks,,,,,,,1.25,1.25,0.625,0.625,0.625,0.625
2023-11-17,Toronto Raptors,Boston Celtics,,,,,,,2.25,2.25,1.125,1.125,1.125,1.125
2023-11-17,Cleveland Cavaliers,Detroit Pistons,,,,,,,-4.75,-4.75,-2.375,-2.375,-2.375,-2.375
2023-11-21,Atlanta Hawks,Indiana Pacers,,,,,,,-2.25,-2.25,-1.125,-1.125,-1.125,-1.125
2023-11-21,Orlando Magic,Toronto Raptors,,,,,,,-1.25,-1.25,-0.625,-0.625,-0.625,-0.625
2023-11-21,Philadelphia 76ers,Cleveland Cavaliers,,,,,,,-1.75,-1.75,-0.875,-0.875,-0.875,-0.875
2023-11-24,Memphis Grizzlies,Phoenix Suns,103.3833275296165,101.4717309131654,51.73777509042154,51.645552439194965,52.00838430447832,49.46334660868708,3.25,3.25,1.625,1.625,1.625,1.625
2023-11-24,Memphis Grizzlies,Phoenix Suns,,,,,,,-0.5,-0.5,-0.25,-0.25,-0.25,-0.25
2023-11-24,New York Knicks,Miami Heat,,,,,,,-1.0,-1.0,-0.5,-0.5,-0.5,-0.5
2023-11-24,Orlando Magic,Boston Celtics,,,,,,,2.25,2.25,1.125,1.125,1.125,1.125
2023-11-24,Toronto Raptors,Chicago Bulls,,,,,,,-1.25,-1.25,-0.625,-0.625,-0.625,-0.625
2023-11-28,New York Knicks,Charlotte Hornets,,,,,,,-3.75,-3.75,-1.875,-1.875,-1.875,-1.875
2023-11-28,Cleveland Cavaliers,Atlanta Hawks,,,,,,,-2.0,-2.0,-1.0,-1.0,-1.0,-1.0
2023-11-28,Miami Heat,Milwaukee Bucks,,,,,,,-0.75,-0.75,-0.375,-0.375,-0.375,-0.375
2023-11-28,Boston Celtics,Chicago Bulls,,,,,,,-4.75,-4.75,-2.375,-2.375,-2.375,-2.375
2023-11-28,Brooklyn Nets,Toronto Raptors,,,,,,,-1.25,-1.25,-0.625,-0.625,-0.625,-0.625
2023-12-02,Los Angeles Clippers,Golden State Warriors,115.42798704763007,113.2936801457672,57.765477042703665,57.66251000492642,58.067613543835016,55.22606660193218,-2.75,-2.75,-1.375,-1.375,-1.375,-1.375
2023-12-02,Charlotte Hornets,Minnesota Timberwolves,111.16217013500027,109.10673979255407,55.63066593460375,55.53150420039653,55.92163652156285,53.185103270991206,3.0,3.0,1.5,1.5,1.5,1.5
2023-12-23,New York Knicks,Milwaukee Bucks,120.44659518013573,118.21949232601794,60.27701952282121,60.169575657314525,60.59229239356697,57.62719993245097,1.0,1.0,0.5,0.5,0.5,0.5
2023-12-25,Los Angeles Lakers,Boston Celtics,120.19566477351044,117.97320171700541,60.15144239881534,60.04422237469512,60.46605845108038,57.50714326592503,0.75,0.75,0.375,0.375,0.375,0.375
2023-12-25,Denver Nuggets,Golden State Warriors,115.67891745425536,113.53997075477973,57.891054166709544,57.787863287545825,58.193847486321616,55.34612326845812,-2.5,-2.5,-1.25,-1.25,-1.25,-1.25
2023-12-25,New York Knicks,Milwaukee Bucks,112.66775257475196,110.58448344662928,56.384128678639016,56.283623896112964,56.67904017648244,53.90544327014685,2.25,2.25,1.125,1.125,1.125,1.125
2023-12-30,Detroit Pistons,Toronto Raptors,114.92612623437951,112.80109892774212,57.51432279469191,57.41180343968761,57.81514565886182,54.9859532688803,2.25,2.25,1.125,1.125,1.125,1.125
2024-01-15,Atlanta Hawks,San Antonio Spurs,,,,,,,-3.75,-3.75,-1.875,-1.875,-1.875,-1.875
2024-01-15,Philadelphia 76ers,Houston Rockets,,,,,,,-3.75,-3.75,-1.875,-1.875,-1.875,-1.875
2024-01-15,Brooklyn Nets,Miami Heat,,,,,,,1.0,1.0,0.5,0.5,0.5,0.5
2024-01-15,Cleveland Cavaliers,Chicago Bulls,,,,,,,-3.25,-3.25,-1.625,-1.625,-1.625,-1.625
2024-01-15,Memphis Grizzlies,Golden State Warriors,,,,,,,-1.0,-1.0,-0.5,-0.5,-0.5,-0.5
2024-01-15,Toronto Raptors,Boston Celtics,,,,,,,2.25,2.25,1.125,1.125,1.125,1.125
2024-01-15,New York Knicks,Orlando Magic,,,,,,,-2.75,-2.75,-1.375,-1.375,-1.375,-1.375
2024-01-15,Dallas Mavericks,New Orleans Pelicans,,,,,,,-1.75,-1.75,-0.875,-0.875,-0.875,-0.875
2024-01-15,Washington Wizards,Detroit Pistons,,,,,,,-1.0,-1.0,-0.5,-0.5,-0.5,-0.5
2024-01-20,Detroit Pistons,Milwaukee Bucks,119.69380396025988,117.48062049898033,59.90028815080358,59.79351580945631,60.21359056610718,57.26702993287315,5.75,5.75,2.875,2.875,2.875,2.875
2024-01-27,Brooklyn Nets,Houston Rockets,109.40565728862329,107.38270552946629,54.75162606656261,54.654031222060695,55.03799892415667,52.34470660530963,-2.25,-2.25,-1.125,-1.125,-1.125,-1.125
2024-01-27,New York Knicks,Miami Heat,108.90379647537272,106.89012431144123,54.50047181855085,54.40332465682188,54.785531039183475,52.10459327225775,-2.5,-2.5,-1.25,-1.25,-1.25,-1.25
2024-01-27,Detroit Pistons,Washington Wizards,122.20310802651271,119.9435265891057,61.15605939086236,61.04704863565036,61.47592999097316,58.467596598132545,-1.0,-1.0,-0.5,-0.5,-0.5,-0.5
2024-01-27,Denver Nuggets,Philadelphia 76ers,114.67519582775422,112.55480831872958,57.388745670686035,57.2864501570682,57.68891171637522,54.86589660235436,-2.25,-2.25,-1.125,-1.125,-1.125,-1.125
2024-02-03,Philadelphia 76ers,Brooklyn Nets,116.18077826750591,114.03255197280481,58.142208414721296,58.03856985278463,58.44631537129481,55.586236601509995,-2.0,-2.0,-1.0,-1.0,-1.0,-1.0
2024-02-10,Brooklyn Nets,San Antonio Spurs,115.67891745425536,113.53997075477973,57.891054166709544,57.787863287545825,58.193847486321616,55.34612326845812,-2.75,-2.75,-1.375,-1.375,-1.375,-1.375
2024-02-10,Los Angeles Clippers,Detroit Pistons,119.19194314700931,116.98803928095526,59.64913390279183,59.5428092442175,59.961122681133986,57.02691659982127,-7.75,-7.75,-3.875,-3.875,-3.875,-3.875
2024-02-10,Dallas Mavericks,Oklahoma City Thunder,120.44659518013573,118.21949232601794,60.27701952282121,60.169575657314525,60.59229239356697,57.62719993245097,1.25,1.25,0.625,0.625,0.625,0.625
2024-03-02,Brooklyn Nets,Atlanta Hawks,111.16217013500027,109.10673979255407,55.63066593460375,55.53150420039653,55.92163652156285,53.185103270991206,-1.25,-1.25,-0.625,-0.625,-0.625,-0.625
2024-03-02,Memphis Grizzlies,Portland Trail Blazers,104.13611874949235,102.21060274020302,52.114506462439174,52.02161228705318,52.38708613193811,49.8235166082649,-0.5,-0.5,-0.25,-0.25,-0.25,-0.25
2024-03-02,Miami Heat,Utah Jazz,113.67147420125309,111.56964588267944,56.886437174662525,56.78503702659058,57.18397594642883,54.3856699362506,-3.5,-3.5,-1.75,-1.75,-1.75,-1.75
2024-03-09,Los Angeles Clippers,Chicago Bulls,111.16217013500027,109.10673979255407,55.63066593460375,55.53150420039653,55.92163652156285,53.185103270991206,-4.5,-4.5,-2.25,-2.25,-2.25,-2.25
2024-03-15,Charlotte Hornets,Phoenix Suns,104.8889099693682,102.94947456724063,52.49123783445681,52.397672134911396,52.765787959397905,50.183686607842716,7.25,7.25,3.625,3.625,3.625,3.625
2024-03-15,Toronto Raptors,Orlando Magic,110.15844850849913,108.1215773565039,55.12835743858024,55.03009106991891,55.41670075161646,52.70487660488745,3.75,3.75,1.875,1.875,1.875,1.875
2024-03-15,Detroit Pistons,Miami Heat,110.6603093217497,108.61415857452899,55.37951168659199,55.28079763515772,55.66916863658966,52.944989937939326,4.25,4.25,2.125,2.125,2.125,2.125
2024-03-22,Detroit Pistons,Boston Celtics,117.68636070725762,115.51029562688004,58.895671158756564,58.790689548501064,59.203719026214394,56.306576600665636,6.25,6.25,3.125,3.125,3.125,3.125
2024-03-22,Toronto Raptors,Oklahoma City Thunder,116.68263908075649,114.52513319082988,58.393362662733054,58.28927641802345,58.69878325626801,55.826349934561875,6.5,6.5,3.25,3.25,3.25,3.25
2024-03-23,New York Knicks,Brooklyn Nets,102.37960590311536,100.48656847711526,51.235466594398034,51.14413930871734,51.50344853453193,48.98311994258332,-3.75,-3.75,-1.875,-1.875,-1.875,-1.875
2024-03-23,Orlando Magic,Sacramento Kings,108.15100525549687,106.15125248440361,54.12374044653322,54.027264808963665,54.406829211723675,51.74442327267993,-2.25,-2.25,-1.125,-1.125,-1.125,-1.125
2024-03-23,Atlanta Hawks,Charlotte Hornets,107.64914444224631,105.65867126637853,53.87258619852146,53.77655824372486,54.15436132675048,51.50430993962805,-4.75,-4.75,-2.375,-2.375,-2.375,-2.375
2024-03-29,Orlando Magic,Los Angeles Clippers,106.64542281574518,104.67350883032839,53.37027770249795,53.275145113247234,53.64942555680409,51.0240832735243,2.25,2.25,1.125,1.125,1.125,1.125
2024-03-29,Indiana Pacers,Los Angeles Lakers,112.1658917615014,110.09190222860421,56.13297443062726,56.03291733087415,56.426572291509245,53.66532993709497,-2.75,-2.75,-1.375,-1.375,-1.375,-1.375
2024-03-29,Brooklyn Nets,Chicago Bulls,103.13239712299122,101.22544030415287,51.612197966415664,51.520199156575565,51.88215036199172,49.34328994216114,0.75,0.75,0.375,0.375,0.375,0.375
2024-03-29,Cleveland Cavaliers,Philadelphia 76ers,104.63797956274291,102.70318395822808,52.36566071045093,52.272318852291995,52.639554016911305,50.06362994131678,-4.25,-4.25,-2.125,-2.125,-2.125,-2.125
2024-03-29,Washington Wizards,Detroit Pistons,105.13984037599347,103.19576517625316,52.61681495846268,52.5230254175308,52.892021901884505,50.30374327436866,1.75,1.75,0.875,0.875,0.875,0.875
2024-03-29,Charlotte Hornets,Golden State Warriors,104.13611874949235,102.21060274020302,52.114506462439174,52.02161228705318,52.38708613193811,49.8235166082649,5.75,5.75,2.875,2.875,2.875,2.875
2024-04-05,Boston Celtics,Sacramento Kings,106.64542281574518,104.67350883032839,53.37027770249795,53.275145113247234,53.64942555680409,51.0240832735243,-4.25,-4.25,-2.125,-2.125,-2.125,-2.125
2024-04-05,Washington Wizards,Portland Trail Blazers,111.66403094825083,109.59932101057913,55.8818201826155,55.78221076563534,56.174104406536046,53.42521660404309,0.75,0.75,0.375,0.375,0.375,0.375
2024-04-05,Indiana Pacers,Oklahoma City Thunder,121.70124721326214,119.45094537108064,60.9049051428506,60.79634207041155,61.223462105999964,58.227483265080664,-4.25,-4.25,-2.125,-2.125,-2.125,-2.125
2024-04-05,Charlotte Hornets,Orlando Magic,110.6603093217497,108.61415857452899,55.37951168659199,55.28079763515772,55.66916863658966,52.944989937939326,2.25,2.25,1.125,1.125,1.125,1.125
2024-04-06,Brooklyn Nets,Detroit Pistons,108.15100525549687,106.15125248440361,54.12374044653322,54.027264808963665,54.406829211723675,51.74442327267993,-4.0,-4.0,-2.0,-2.0,-2.0,-2.0
2024-04-06,Los Angeles Lakers,Cleveland Cavaliers,114.42426542112894,112.30851770971705,57.263168546680156,57.1610968744488,57.56267777388862,54.74583993582842,-2.25,-2.25,-1.125,-1.125,-1.125,-1.125
2024-04-12,Washington Wizards,Chicago Bulls,122.20310802651271,119.9435265891057,61.15605939086236,61.04704863565036,61.47592999097316,58.467596598132545,-1.75,-1.75,-0.875,-0.875,-0.875,-0.875
2024-04-12,New York Knicks,Brooklyn Nets,99.61937143023725,97.77737177797734,49.854118230333384,49.76525319990389,50.11487516717935,47.66249661079799,-4.25,-4.25,-2.125,-2.125,-2.125,-2.125
2024-04-12,Cleveland Cavaliers,Indiana Pacers,116.68263908075649,114.52513319082988,58.393362662733054,58.28927641802345,58.69878325626801,55.826349934561875,-2.75,-2.75,-1.375,-1.375,-1.375,-1.375
2024-04-12,Boston Celtics,Charlotte Hornets,109.154726881998,107.13641492045376,54.62604894255673,54.52867793944129,54.91176498167007,52.22464993878369,-3.25,-3.25,-1.625,-1.625,-1.625,-1.625
2024-04-12,Philadelphia 76ers,Orlando Magic,114.67519582775422,112.55480831872958,57.388745670686035,57.2864501570682,57.68891171637522,54.86589660235436,-4.75,-4.75,-2.375,-2.375,-2.375,-2.375
2024-10-22,Boston Celtics,New York Knicks,111.91496135487611,109.84561161959168,56.00739730662138,55.90756404825475,56.300338349022645,53.54527327056903,-2.75,-2.75,-1.375,-1.375,-1.375,-1.375
2024-10-23,Detroit Pistons,Indiana Pacers,117.43543030063233,115.26400501786749,58.770094034750684,58.66533626588166,59.0774850837278,56.186519934139696,2.25,2.25,1.125,1.125,1.125,1.125
2024-10-23,Philadelphia 76ers,Milwaukee Bucks,112.41682216812669,110.33819283761675,56.25855155463314,56.158270613493556,56.55280623399584,53.78538660362091,1.75,1.75,0.875,0.875,0.875,0.875
2024-10-23,Miami Heat,Orlando Magic,104.63797956274291,102.70318395822808,52.36566071045093,52.272318852291995,52.639554016911305,50.06362994131678,-1.0,-1.0,-0.5,-0.5,-0.5,-0.5
2024-10-23,Atlanta Hawks,Brooklyn Nets,111.16217013500027,109.10673979255407,55.63066593460375,55.53150420039653,55.92163652156285,53.185103270991206,-3.75,-3.75,-1.875,-1.875,-1.875,-1.875
2024-10-23,Toronto Raptors,Cleveland Cavaliers,112.66775257475196,110.58448344662928,56.384128678639016,56.283623896112964,56.67904017648244,53.90544327014685,3.25,3.25,1.625,1.625,1.625,1.625
2024-10-24,Washington Wizards,Boston Celtics,117.68636070725762,115.51029562688004,58.895671158756564,58.790689548501064,59.203719026214394,56.306576600665636,6.5,6.5,3.25,3.25,3.25,3.25
2024-10-24,Dallas Mavericks,San Antonio Spurs,115.17705664100478,113.04738953675466,57.639899918697786,57.53715672230702,57.941379601348416,55.10600993540624,-3.75,-3.75,-1.875,-1.875,-1.875,-1.875
2024-10-25,Atlanta Hawks,Charlotte Hornets,115.92984786088064,113.78626136379226,58.016631290715424,57.91321657016523,58.32008142880821,55.466179934984055,-2.5,-2.5,-1.25,-1.25,-1.25,-1.25
2024-10-25,Cleveland Cavaliers,Detroit Pistons,112.66775257475196,110.58448344662928,56.384128678639016,56.283623896112964,56.67904017648244,53.90544327014685,-5.25,-5.25,-2.625,-2.625,-2.625,-2.625
2024-10-25,Toronto Raptors,Philadelphia 76ers,110.15844850849913,108.1215773565039,55.12835743858024,55.03009106991891,55.41670075161646,52.70487660488745,1.75,1.75,0.875,0.875,0.875,0.875
2024-10-25,Orlando Magic,Brooklyn Nets,103.13239712299122,101.22544030415287,51.612197966415664,51.520199156575565,51.88215036199172,49.34328994216114,-5.75,-5.75,-2.875,-2.875,-2.875,-2.875
2024-10-25,New York Knicks,Indiana Pacers,113.67147420125309,111.56964588267944,56.886437174662525,56.78503702659058,57.18397594642883,54.3856699362506,-2.5,-2.5,-1.25,-1.25,-1.25,-1.25
2024-10-26,Washington Wizards,Cleveland Cavaliers,109.65658769524858,107.62899613847884,54.87720319056848,54.779384504680095,55.16423286664327,52.46476327183557,4.75,4.75,2.375,2.375,2.375,2.375
2024-10-26,Detroit Pistons,Boston Celtics,124.21055127951497,121.91385146120601,62.16067638290938,62.0498748966056,62.48580153086594,59.428049930340066,6.75,6.75,3.375,3.375,3.375,3.375
2024-10-26,Charlotte Hornets,Miami Heat,105.13984037599347,103.19576517625316,52.61681495846268,52.5230254175308,52.892021901884505,50.30374327436866,4.75,4.75,2.375,2.375,2.375,2.375
2024-10-26,Denver Nuggets,Los Angeles Clippers,109.90751810187385,107.87528674749137,55.00278031457436,54.9047377872995,55.29046680912986,52.58481993836151,-4.0,-4.0,-2.0,-2.0,-2.0,-2.0
2024-10-27,Indiana Pacers,Philadelphia 76ers,113.67147420125309,111.56964588267944,56.886437174662525,56.78503702659058,57.18397594642883,54.3856699362506,-3.5,-3.5,-1.75,-1.75,-1.75,-1.75
2024-10-27,Brooklyn Nets,Milwaukee Bucks,115.17705664100478,113.04738953675466,57.639899918697786,57.53715672230702,57.941379601348416,55.10600993540624,5.0,5.0,2.5,2.5,2.5,2.5
2024-10-27,Portland Trail Blazers,New Orleans Pelicans,109.65658769524858,107.62899613847884,54.87720319056848,54.779384504680095,55.16423286664327,52.46476327183557,2.75,2.75,1.375,1.375,1.375,1.375
2024-10-27,Oklahoma City Thunder,Atlanta Hawks,116.68263908075649,114.52513319082988,58.393362662733054,58.28927641802345,58.69878325626801,55.826349934561875,-4.75,-4.75,-2.375,-2.375,-2.375,-2.375
2024-10-28,Atlanta Hawks,Washington Wizards,114.67519582775422,112.55480831872958,57.388745670686035,57.2864501570682,57.68891171637522,54.86589660235436,-5.75,-5.75,-2.875,-2.875,-2.875,-2.875
2024-10-28,New York Knicks,Cleveland Cavaliers,111.41310054162555,109.3530304015666,55.75624305860963,55.65685748301593,56.04787046404945,53.305159937517146,-1.25,-1.25,-0.625,-0.625,-0.625,-0.625
2024-10-28,Miami Heat,Detroit Pistons,110.40937891512442,108.36786796551645,55.25393456258612,55.15544435253831,55.54293469410306,52.824933271413386,-4.25,-4.25,-2.125,-2.125,-2.125,-2.125
2024-10-28,Boston Celtics,Milwaukee Bucks,117.43543030063233,115.26400501786749,58.770094034750684,58.66533626588166,59.0774850837278,56.186519934139696,-4.75,-4.75,-2.375,-2.375,-2.375,-2.375
2024-10-28,Orlando Magic,Indiana Pacers,112.66775257475196,110.58448344662928,56.384128678639016,56.283623896112964,56.67904017648244,53.90544327014685,-2.75,-2.75,-1.375,-1.375,-1.375,-1.375
2024-10-28,Toronto Raptors,Denver Nuggets,110.15844850849913,108.1215773565039,55.12835743858024,55.03009106991891,55.41670075161646,52.70487660488745,3.75,3.75,1.875,1.875,1.875,1.875
2024-10-29,Brooklyn Nets,Denver Nuggets,109.40565728862329,107.38270552946629,54.75162606656261,54.654031222060695,55.03799892415667,52.34470660530963,3.5,3.5,1.75,1.75,1.75,1.75
2024-10-29,Minnesota Timberwolves,Dallas Mavericks,112.66775257475196,110.58448344662928,56.384128678639016,56.283623896112964,56.67904017648244,53.90544327014685,-2.25,-2.25,-1.125,-1.125,-1.125,-1.125
2024-10-30,Golden State Warriors,New Orleans Pelicans,108.65286606874744,106.64383370242868,54.37489469454497,54.27797137420248,54.659297096696875,51.98453660573181,0.75,0.75,0.375,0.375,0.375,0.375
2024-10-30,Miami Heat,New York Knicks,107.64914444224631,105.65867126637853,53.87258619852146,53.77655824372486,54.15436132675048,51.50430993962805,1.0,1.0,0.5,0.5,0.5,0.5
2024-10-30,Philadelphia 76ers,Detroit Pistons,108.90379647537272,106.89012431144123,54.50047181855085,54.40332465682188,54.785531039183475,52.10459327225775,-2.25,-2.25,-1.125,-1.125,-1.125,-1.125
2024-10-30,Indiana Pacers,Boston Celtics,116.93356948738177,114.77142379984242,58.51893978673893,58.41462970064285,58.8250171987546,55.946406601087816,3.25,3.25,1.625,1.625,1.625,1.625
2024-10-30,Cleveland Cavaliers,Los Angeles Lakers,113.67147420125309,111.56964588267944,56.886437174662525,56.78503702659058,57.18397594642883,54.3856699362506,-2.5,-2.5,-1.25,-1.25,-1.25,-1.25
2024-10-30,Charlotte Hornets,Toronto Raptors,113.67147420125309,111.56964588267944,56.886437174662525,56.78503702659058,57.18397594642883,54.3856699362506,-5.75,-5.75,-2.875,-2.875,-2.875,-2.875
2024-10-30,Washington Wizards,Atlanta Hawks,116.68263908075649,114.52513319082988,58.393362662733054,58.28927641802345,58.69878325626801,55.826349934561875,4.75,4.75,2.375,2.375,2.375,2.375
2024-11-01,Toronto Raptors,Los Angeles Lakers,114.67519582775422,112.55480831872958,57.388745670686035,57.2864501570682,57.68891171637522,54.86589660235436,4.0,4.0,2.0,2.0,2.0,2.0
2024-11-01,Charlotte Hornets,Boston Celtics,116.93356948738177,114.77142379984242,58.51893978673893,58.41462970064285,58.8250171987546,55.946406601087816,5.5,5.5,2.75,2.75,2.75,2.75
2024-11-01,Atlanta Hawks,Sacramento Kings,119.19194314700931,116.98803928095526,59.64913390279183,59.5428092442175,59.961122681133986,57.02691659982127,2.75,2.75,1.375,1.375,1.375,1.375
2024-11-01,Detroit Pistons,New York Knicks,109.154726881998,107.13641492045376,54.62604894255673,54.52867793944129,54.91176498167007,52.22464993878369,3.25,3.25,1.625,1.625,1.625,1.625
2024-11-01,Cleveland Cavaliers,Orlando Magic,109.154726881998,107.13641492045376,54.62604894255673,54.52867793944129,54.91176498167007,52.22464993878369,-6.75,-6.75,-3.375,-3.375,-3.375,-3.375
2024-11-01,Brooklyn Nets,Chicago Bulls,110.15844850849913,108.1215773565039,55.12835743858024,55.03009106991891,55.41670075161646,52.70487660488745,-1.0,-1.0,-0.5,-0.5,-0.5,-0.5
2024-11-02,Toronto Raptors,Sacramento Kings,117.68636070725762,115.51029562688004,58.895671158756564,58.790689548501064,59.203719026214394,56.306576600665636,4.75,4.75,2.375,2.375,2.375,2.375
2024-11-02,Philadelphia 76ers,Memphis Grizzlies,111.16217013500027,109.10673979255407,55.63066593460375,55.53150420039653,55.92163652156285,53.185103270991206,0.75,0.75,0.375,0.375,0.375,0.375
2024-11-02,Charlotte Hornets,Boston Celtics,106.1435620024946,104.18092761230331,53.1191234544862,53.024438548008426,53.3969576718309,50.78396994047242,4.75,4.75,2.375,2.375,2.375,2.375
2024-11-03,Brooklyn Nets,Detroit Pistons,110.15844850849913,108.1215773565039,55.12835743858024,55.03009106991891,55.41670075161646,52.70487660488745,-1.75,-1.75,-0.875,-0.875,-0.875,-0.875
2024-11-09,San Antonio Spurs,Utah Jazz,110.15844850849913,108.1215773565039,55.12835743858024,55.03009106991891,55.41670075161646,52.70487660488745,-0.75,-0.75,-0.375,-0.375,-0.375,-0.375
2024-11-10,Milwaukee Bucks,Boston Celtics,114.92612623437951,112.80109892774212,57.51432279469191,57.41180343968761,57.81514565886182,54.9859532688803,1.5,1.5,0.75,0.75,0.75,0.75
2024-11-10,Orlando Magic,Washington Wizards,111.16217013500027,109.10673979255407,55.63066593460375,55.53150420039653,55.92163652156285,53.185103270991206,-4.25,-4.25,-2.125,-2.125,-2.125,-2.125
2024-11-10,Indiana Pacers,New York Knicks,113.92240460787838,111.81593649169197,57.0120142986684,56.91039030920999,57.31020988891543,54.50572660277654,1.5,1.5,0.75,0.75,0.75,0.75
2024-11-10,Detroit Pistons,Houston Rockets,110.6603093217497,108.61415857452899,55.37951168659199,55.28079763515772,55.66916863658966,52.944989937939326,2.0,2.0,1.0,1.0,1.0,1.0
2024-11-13,Portland Trail Blazers,Minnesota Timberwolves,111.16217013500027,109.10673979255407,55.63066593460375,55.53150420039653,55.92163652156285,53.185103270991206,4.5,4.5,2.25,2.25,2.25,2.25
2024-11-16,Charlotte Hornets,Milwaukee Bucks,109.65658769524858,107.62899613847884,54.87720319056848,54.779384504680095,55.16423286664327,52.46476327183557,2.0,2.0,1.0,1.0,1.0,1.0
2024-11-17,Portland Trail Blazers,Atlanta Hawks,114.17333501450366,112.0622271007045,57.13759142267428,57.035743591829394,57.43644383140202,54.62578326930248,3.75,3.75,1.875,1.875,1.875,1.875
2024-11-17,Minnesota Timberwolves,Phoenix Suns,111.66403094825083,109.59932101057913,55.8818201826155,55.78221076563534,56.174104406536046,53.42521660404309,-3.25,-3.25,-1.625,-1.625,-1.625,-1.625
2024-11-17,Washington Wizards,Detroit Pistons,114.67519582775422,112.55480831872958,57.388745670686035,57.2864501570682,57.68891171637522,54.86589660235436,2.5,2.5,1.25,1.25,1.25,1.25
2024-11-17,Cleveland Cavaliers,Charlotte Hornets,112.66775257475196,110.58448344662928,56.384128678639016,56.283623896112964,56.67904017648244,53.90544327014685,-7.75,-7.75,-3.875,-3.875,-3.875,-3.875
2024-11-17,Indiana Pacers,Miami Heat,106.64542281574518,104.67350883032839,53.37027770249795,53.275145113247234,53.64942555680409,51.0240832735243,-4.75,-4.75,-2.375,-2.375,-2.375,-2.375
2024-11-17,Memphis Grizzlies,Denver Nuggets,106.64542281574518,104.67350883032839,53.37027770249795,53.275145113247234,53.64942555680409,51.0240832735243,-5.25,-5.25,-2.625,-2.625,-2.625,-2.625
2024-11-23,Utah Jazz,New York Knicks,115.67891745425536,113.53997075477973,57.891054166709544,57.787863287545825,58.193847486321616,55.34612326845812,-3.75,-3.75,-1.875,-1.875,-1.875,-1.875
2024-11-23,Houston Rockets,Portland Trail Blazers,112.66775257475196,110.58448344662928,56.384128678639016,56.283623896112964,56.67904017648244,53.90544327014685,-6.5,-6.5,-3.25,-3.25,-3.25,-3.25
2024-11-24,Philadelphia 76ers,Los Angeles Clippers,106.64542281574518,104.67350883032839,53.37027770249795,53.275145113247234,53.64942555680409,51.0240832735243,3.75,3.75,1.875,1.875,1.875,1.875
2024-11-24,Boston Celtics,Minnesota Timberwolves,112.66775257475196,110.58448344662928,56.384128678639016,56.283623896112964,56.67904017648244,53.90544327014685,-4.0,-4.0,-2.0,-2.0,-2.0,-2.0
2024-11-24,Indiana Pacers,Washington Wizards,120.697525586761,118.46578293503048,60.40259664682709,60.29492893993393,60.71852633605357,57.74725659897691,-3.75,-3.75,-1.875,-1.875,-1.875,-1.875
2024-11-24,Miami Heat,Dallas Mavericks,112.1658917615014,110.09190222860421,56.13297443062726,56.03291733087415,56.426572291509245,53.66532993709497,-1.25,-1.25,-0.625,-0.625,-0.625,-0.625
2024-11-29,Charlotte Hornets,New York Knicks,111.16217013500027,109.10673979255407,55.63066593460375,55.53150420039653,55.92163652156285,53.185103270991206,6.0,6.0,3.0,3.0,3.0,3.0
2024-11-29,Atlanta Hawks,Cleveland Cavaliers,123.45776005963911,121.1749796341684,61.78394501089175,61.673815048747386,62.10709970340615,59.067879930762246,3.5,3.5,1.75,1.75,1.75,1.75
2024-11-29,Memphis Grizzlies,New Orleans Pelicans,112.91868298137724,110.83077405564183,56.50970580264489,56.408977178732364,56.80527411896904,54.02549993667279,-5.5,-5.5,-2.75,-2.75,-2.75,-2.75
2024-11-30,Charlotte Hornets,Atlanta Hawks,106.1435620024946,104.18092761230331,53.1191234544862,53.024438548008426,53.3969576718309,50.78396994047242,1.25,1.25,0.625,0.625,0.625,0.625
2024-12-01,Brooklyn Nets,Orlando Magic,104.38704915611763,102.45689334921555,52.24008358644505,52.14696556967259,52.51332007442471,49.94357327479084,4.25,4.25,2.125,2.125,2.125,2.125
2024-12-01,Memphis Grizzlies,Indiana Pacers,121.70124721326214,119.45094537108064,60.9049051428506,60.79634207041155,61.223462105999964,58.227483265080664,-3.75,-3.75,-1.875,-1.875,-1.875,-1.875
2024-12-01,Cleveland Cavaliers,Boston Celtics,108.65286606874744,106.64383370242868,54.37489469454497,54.27797137420248,54.659297096696875,51.98453660573181,-0.75,-0.75,-0.375,-0.375,-0.375,-0.375
2024-12-01,New York Knicks,New Orleans Pelicans,106.1435620024946,104.18092761230331,53.1191234544862,53.024438548008426,53.3969576718309,50.78396994047242,-12.25,-12.25,-6.125,-6.125,-6.125,-6.125
2024-12-01,Toronto Raptors,Miami Heat,111.16217013500027,109.10673979255407,55.63066593460375,55.53150420039653,55.92163652156285,53.185103270991206,2.25,2.25,1.125,1.125,1.125,1.125
2024-12-07,Charlotte Hornets,Cleveland Cavaliers,110.91123972837498,108.86044918354152,55.50508881059787,55.406150917777126,55.79540257907625,53.065046604465266,5.75,5.75,2.875,2.875,2.875,2.875
2024-12-08,Brooklyn Nets,Milwaukee Bucks,110.91123972837498,108.86044918354152,55.50508881059787,55.406150917777126,55.79540257907625,53.065046604465266,3.5,3.5,1.75,1.75,1.75,1.75
2024-12-08,Chicago Bulls,Philadelphia 76ers,115.42798704763007,113.2936801457672,57.765477042703665,57.66251000492642,58.067613543835016,55.22606660193218,-0.5,-0.5,-0.25,-0.25,-0.25,-0.25
2024-12-08,Indiana Pacers,Charlotte Hornets,112.66775257475196,110.58448344662928,56.384128678639016,56.283623896112964,56.67904017648244,53.90544327014685,-5.75,-5.75,-2.875,-2.875,-2.875,-2.875
2024-12-08,Atlanta Hawks,Denver Nuggets,120.19566477351044,117.97320171700541,60.15144239881534,60.04422237469512,60.46605845108038,57.50714326592503,3.25,3.25,1.625,1.625,1.625,1.625
2024-12-08,Miami Heat,Cleveland Cavaliers,112.91868298137724,110.83077405564183,56.50970580264489,56.408977178732364,56.80527411896904,54.02549993667279,1.75,1.75,0.875,0.875,0.875,0.875
2024-12-08,Orlando Magic,Phoenix Suns,107.64914444224631,105.65867126637853,53.87258619852146,53.77655824372486,54.15436132675048,51.50430993962805,-1.25,-1.25,-0.625,-0.625,-0.625,-0.625
2024-12-14,Milwaukee Bucks,Atlanta Hawks,114.67519582775422,112.55480831872958,57.388745670686035,57.2864501570682,57.68891171637522,54.86589660235436,-1.75,-1.75,-0.875,-0.875,-0.875,-0.875
2024-12-15,Washington Wizards,Boston Celtics,113.92240460787838,111.81593649169197,57.0120142986684,56.91039030920999,57.31020988891543,54.50572660277654,13.25,13.25,6.625,6.625,6.625,6.625
2024-12-15,Indiana Pacers,New Orleans Pelicans,113.92240460787838,111.81593649169197,57.0120142986684,56.91039030920999,57.31020988891543,54.50572660277654,-3.0,-3.0,-1.5,-1.5,-1.5,-1.5
2024-12-15,Orlando Magic,New York Knicks,108.40193566212216,106.39754309341615,54.24931757053909,54.15261809158307,54.533063154210275,51.86447993920587,2.25,2.25,1.125,1.125,1.125,1.125
2024-12-21,Sacramento Kings,Los Angeles Lakers,115.17705664100478,113.04738953675466,57.639899918697786,57.53715672230702,57.941379601348416,55.10600993540624,-2.25,-2.25,-1.125,-1.125,-1.125,-1.125
2024-12-22,Toronto Raptors,Houston Rockets,111.91496135487611,109.84561161959168,56.00739730662138,55.90756404825475,56.300338349022645,53.54527327056903,1.25,1.25,0.625,0.625,0.625,0.625
2024-12-22,Sacramento Kings,Indiana Pacers,118.43915192713347,116.24916745391765,59.272402530774194,59.16674939635928,59.58242085367419,56.66674660024346,-0.75,-0.75,-0.375,-0.375,-0.375,-0.375
2024-12-25,Boston Celtics,Philadelphia 76ers,111.16217013500027,109.10673979255407,55.63066593460375,55.53150420039653,55.92163652156285,53.185103270991206,-4.5,-4.5,-2.25,-2.25,-2.25,-2.25
2024-12-25,New York Knicks,San Antonio Spurs,112.1658917615014,110.09190222860421,56.13297443062726,56.03291733087415,56.426572291509245,53.66532993709497,-4.75,-4.75,-2.375,-2.375,-2.375,-2.375
2024-12-25,Dallas Mavericks,Minnesota Timberwolves,110.91123972837498,108.86044918354152,55.50508881059787,55.406150917777126,55.79540257907625,53.065046604465266,-2.5,-2.5,-1.25,-1.25,-1.25,-1.25
2024-12-28,Atlanta Hawks,Miami Heat,113.4205437946278,111.32335527366689,56.760860050656646,56.65968374397118,57.05774200394223,54.26561326972466,-1.5,-1.5,-0.75,-0.75,-0.75,-0.75
2024-12-28,Charlotte Hornets,Oklahoma City Thunder,109.154726881998,107.13641492045376,54.62604894255673,54.52867793944129,54.91176498167007,52.22464993878369,7.75,7.75,3.875,3.875,3.875,3.875
2024-12-29,Boston Celtics,Indiana Pacers,115.67891745425536,113.53997075477973,57.891054166709544,57.787863287545825,58.193847486321616,55.34612326845812,-2.25,-2.25,-1.125,-1.125,-1.125,-1.125
2024-12-29,Toronto Raptors,Atlanta Hawks,120.697525586761,118.46578293503048,60.40259664682709,60.29492893993393,60.71852633605357,57.74725659897691,1.75,1.75,0.875,0.875,0.875,0.875
2024-12-31,Indiana Pacers,Milwaukee Bucks,114.92612623437951,112.80109892774212,57.51432279469191,57.41180343968761,57.81514565886182,54.9859532688803,-0.5,-0.5,-0.25,-0.25,-0.25,-0.25
2024-12-31,Boston Celtics,Toronto Raptors,115.67891745425536,113.53997075477973,57.891054166709544,57.787863287545825,58.193847486321616,55.34612326845812,-9.0,-9.0,-4.5,-4.5,-4.5,-4.5
2025-01-04,Brooklyn Nets,Philadelphia 76ers,104.63797956274291,102.70318395822808,52.36566071045093,52.272318852291995,52.639554016911305,50.06362994131678,6.75,6.75,3.375,3.375,3.375,3.375
2025-01-05,Orlando Magic,Utah Jazz,101.12495386998896,99.25511543205256,50.607580974368645,50.51737289562032,50.87227882209894,48.38283660995363,-4.5,-4.5,-2.25,-2.25,-2.25,-2.25
2025-01-05,Washington Wizards,New Orleans Pelicans,119.19194314700931,116.98803928095526,59.64913390279183,59.5428092442175,59.961122681133986,57.02691659982127,2.0,2.0,1.0,1.0,1.0,1.0
2025-01-05,Cleveland Cavaliers,Charlotte Hornets,112.66775257475196,110.58448344662928,56.384128678639016,56.283623896112964,56.67904017648244,53.90544327014685,-13.25,-13.25,-6.625,-6.625,-6.625,-6.625
2025-01-05,Oklahoma City Thunder,Boston Celtics,111.66403094825083,109.59932101057913,55.8818201826155,55.78221076563534,56.174104406536046,53.42521660404309,-1.0,-1.0,-0.5,-0.5,-0.5,-0.5
2025-01-11,Phoenix Suns,Utah Jazz,111.66403094825083,109.59932101057913,55.8818201826155,55.78221076563534,56.174104406536046,53.42521660404309,-3.75,-3.75,-1.875,-1.875,-1.875,-1.875
2025-01-12,Washington Wizards,Oklahoma City Thunder,114.67519582775422,112.55480831872958,57.388745670686035,57.2864501570682,57.68891171637522,54.86589660235436,8.0,8.0,4.0,4.0,4.0,4.0
2025-01-12,Orlando Magic,Philadelphia 76ers,98.11378899048556,96.29962812390211,49.100655486298116,49.01313350418746,49.357471512259764,46.94215661164235,-2.75,-2.75,-1.375,-1.375,-1.375,-1.375
2025-01-12,Boston Celtics,New Orleans Pelicans,112.66775257475196,110.58448344662928,56.384128678639016,56.283623896112964,56.67904017648244,53.90544327014685,-6.75,-6.75,-3.375,-3.375,-3.375,-3.375
2025-01-12,Cleveland Cavaliers,Indiana Pacers,119.94473436688516,117.72691110799286,60.02586527480946,59.91886909207572,60.33982450859378,57.38708659939909,-4.5,-4.5,-2.25,-2.25,-2.25,-2.25
2025-01-12,Chicago Bulls,Sacramento Kings,120.19566477351044,117.97320171700541,60.15144239881534,60.04422237469512,60.46605845108038,57.50714326592503,1.5,1.5,0.75,0.75,0.75,0.75
2025-01-12,Dallas Mavericks,Denver Nuggets,114.42426542112894,112.30851770971705,57.263168546680156,57.1610968744488,57.56267777388862,54.74583993582842,1.75,1.75,0.875,0.875,0.875,0.875
2025-01-12,New York Knicks,Milwaukee Bucks,113.92240460787838,111.81593649169197,57.0120142986684,56.91039030920999,57.31020988891543,54.50572660277654,-1.75,-1.75,-0.875,-0.875,-0.875,-0.875
2025-01-18,Detroit Pistons,Phoenix Suns,115.42798704763007,113.2936801457672,57.765477042703665,57.66251000492642,58.067613543835016,55.22606660193218,0.75,0.75,0.375,0.375,0.375,0.375
2025-01-19,Miami Heat,San Antonio Spurs,111.16217013500027,109.10673979255407,55.63066593460375,55.53150420039653,55.92163652156285,53.185103270991206,-1.25,-1.25,-0.625,-0.625,-0.625,-0.625
2025-01-19,Orlando Magic,Denver Nuggets,111.16217013500027,109.10673979255407,55.63066593460375,55.53150420039653,55.92163652156285,53.185103270991206,2.25,2.25,1.125,1.125,1.125,1.125
2025-01-20,Charlotte Hornets,Dallas Mavericks,111.41310054162555,109.3530304015666,55.75624305860963,55.65685748301593,56.04787046404945,53.305159937517146,2.5,2.5,1.25,1.25,1.25,1.25
2025-01-20,Houston Rockets,Detroit Pistons,112.66775257475196,110.58448344662928,56.384128678639016,56.283623896112964,56.67904017648244,53.90544327014685,-3.75,-3.75,-1.875,-1.875,-1.875,-1.875
2025-01-20,Memphis Grizzlies,Minnesota Timberwolves,117.18449989400705,115.01771440885496,58.644516910744805,58.539982983262256,58.9512511412412,56.066463267613756,-1.5,-1.5,-0.75,-0.75,-0.75,-0.75
2025-01-20,New York Knicks,Atlanta Hawks,111.16217013500027,109.10673979255407,55.63066593460375,55.53150420039653,55.92163652156285,53.185103270991206,-4.5,-4.5,-2.25,-2.25,-2.25,-2.25
2025-01-20,Cleveland Cavaliers,Phoenix Suns,118.94101274038402,116.74174867194272,59.52355677878595,59.417455961598094,59.834888738647386,56.90685993329533,-4.0,-4.0,-2.0,-2.0,-2.0,-2.0
2025-01-20,Golden State Warriors,Boston Celtics,106.64542281574518,104.67350883032839,53.37027770249795,53.275145113247234,53.64942555680409,51.0240832735243,15.25,15.25,7.625,7.625,7.625,7.625
2025-01-23,Indiana Pacers,San Antonio Spurs,115.42798704763007,113.2936801457672,57.765477042703665,57.66251000492642,58.067613543835016,55.22606660193218,-1.5,-1.5,-0.75,-0.75,-0.75,-0.75
2025-01-25,Brooklyn Nets,Miami Heat,100.62309305673838,98.7625342140275,50.356426726356894,50.26666633038151,50.61981093712574,48.14272327690175,3.75,3.75,1.875,1.875,1.875,1.875
2025-01-25,Dallas Mavericks,Boston Celtics,109.154726881998,107.13641492045376,54.62604894255673,54.52867793944129,54.91176498167007,52.22464993878369,3.75,3.75,1.875,1.875,1.875,1.875
2025-01-25,Minnesota Timberwolves,Denver Nuggets,114.92612623437951,112.80109892774212,57.51432279469191,57.41180343968761,57.81514565886182,54.9859532688803,1.25,1.25,0.625,0.625,0.625,0.625
2025-01-25,San Antonio Spurs,Indiana Pacers,117.68636070725762,115.51029562688004,58.895671158756564,58.790689548501064,59.203719026214394,56.306576600665636,0.75,0.75,0.375,0.375,0.375,0.375
2025-01-26,Portland Trail Blazers,Oklahoma City Thunder,113.16961338800253,111.07706466465436,56.63528292665077,56.53433046135177,56.93150806145564,54.14555660319872,5.75,5.75,2.875,2.875,2.875,2.875
2025-02-01,Utah Jazz,Orlando Magic,102.63053630974065,100.73285908612779,51.36104371840391,51.26949259133675,51.62968247701853,49.10317660910926,-6.25,-6.25,-3.125,-3.125,-3.125,-3.125
2025-02-01,Indiana Pacers,Atlanta Hawks,126.7198553457678,124.37675755133138,63.41644762296816,63.303407722799655,63.74814095573192,60.62861659559946,-3.25,-3.25,-1.625,-1.625,-1.625,-1.625
2025-02-02,Detroit Pistons,Chicago Bulls,116.93356948738177,114.77142379984242,58.51893978673893,58.41462970064285,58.8250171987546,55.946406601087816,-2.5,-2.5,-1.25,-1.25,-1.25,-1.25
2025-02-02,Cleveland Cavaliers,Dallas Mavericks,118.94101274038402,116.74174867194272,59.52355677878595,59.417455961598094,59.834888738647386,56.90685993329533,-6.0,-6.0,-3.0,-3.0,-3.0,-3.0
2025-02-02,Toronto Raptors,Los Angeles Clippers,111.16217013500027,109.10673979255407,55.63066593460375,55.53150420039653,55.92163652156285,53.185103270991206,2.5,2.5,1.25,1.25,1.25,1.25
2025-02-02,Philadelphia 76ers,Boston Celtics,107.14728362899574,105.16609004835347,53.62143195050971,53.52585167848605,53.90189344177729,51.26419660657618,5.25,5.25,2.625,2.625,2.625,2.625
2025-02-08,Los Angeles Lakers,Indiana Pacers,116.93356948738177,114.77142379984242,58.51893978673893,58.41462970064285,58.8250171987546,55.946406601087816,-4.75,-4.75,-2.375,-2.375,-2.375,-2.375
2025-02-08,Dallas Mavericks,Houston Rockets,113.67147420125309,111.56964588267944,56.886437174662525,56.78503702659058,57.18397594642883,54.3856699362506,-2.0,-2.0,-1.0,-1.0,-1.0,-1.0
2025-02-09,Detroit Pistons,Charlotte Hornets,112.1658917615014,110.09190222860421,56.13297443062726,56.03291733087415,56.426572291509245,53.66532993709497,-4.75,-4.75,-2.375,-2.375,-2.375,-2.375
2025-02-09,Houston Rockets,Toronto Raptors,112.66775257475196,110.58448344662928,56.384128678639016,56.283623896112964,56.67904017648244,53.90544327014685,-5.0,-5.0,-2.5,-2.5,-2.5,-2.5
2025-02-09,Milwaukee Bucks,Philadelphia 76ers,113.16961338800253,111.07706466465436,56.63528292665077,56.53433046135177,56.93150806145564,54.14555660319872,-1.5,-1.5,-0.75,-0.75,-0.75,-0.75
2025-02-12,Chicago Bulls,Detroit Pistons,118.94101274038402,116.74174867194272,59.52355677878595,59.417455961598094,59.834888738647386,56.90685993329533,2.5,2.5,1.25,1.25,1.25,1.25
2025-02-13,New Orleans Pelicans,Sacramento Kings,119.4428735536346,117.2343298899678,59.7747110267977,59.6681625268369,60.08735662362058,57.14697326634721,3.25,3.25,1.625,1.625,1.625,1.625
2025-02-22,Chicago Bulls,Phoenix Suns,121.70124721326214,119.45094537108064,60.9049051428506,60.79634207041155,61.223462105999964,58.227483265080664,2.75,2.75,1.375,1.375,1.375,1.375
2025-02-23,Milwaukee Bucks,Miami Heat,112.66775257475196,110.58448344662928,56.384128678639016,56.283623896112964,56.67904017648244,53.90544327014685,-2.25,-2.25,-1.125,-1.125,-1.125,-1.125
2025-02-23,Boston Celtics,New York Knicks,116.68263908075649,114.52513319082988,58.393362662733054,58.28927641802345,58.69878325626801,55.826349934561875,-4.25,-4.25,-2.125,-2.125,-2.125,-2.125
2025-02-23,Orlando Magic,Washington Wizards,106.64542281574518,104.67350883032839,53.37027770249795,53.275145113247234,53.64942555680409,51.0240832735243,-6.0,-6.0,-3.0,-3.0,-3.0,-3.0
2025-02-23,Atlanta Hawks,Detroit Pistons,121.70124721326214,119.45094537108064,60.9049051428506,60.79634207041155,61.223462105999964,58.227483265080664,0.75,0.75,0.375,0.375,0.375,0.375
2025-02-23,Indiana Pacers,Los Angeles Clippers,116.18077826750591,114.03255197280481,58.142208414721296,58.03856985278463,58.44631537129481,55.586236601509995,-7.75,-7.75,-3.875,-3.875,-3.875,-3.875
2025-02-23,Toronto Raptors,Phoenix Suns,116.68263908075649,114.52513319082988,58.393362662733054,58.28927641802345,58.69878325626801,55.826349934561875,0.5,0.5,0.25,0.25,0.25,0.25
2025-02-23,Golden State Warriors,Dallas Mavericks,116.4317086741312,114.27884258181734,58.267785538727175,58.16392313540404,58.57254931378141,55.706293268035935,-4.0,-4.0,-2.0,-2.0,-2.0,-2.0
2025-02-26,Brooklyn Nets,Oklahoma City Thunder,107.64914444224631,105.65867126637853,53.87258619852146,53.77655824372486,54.15436132675048,51.50430993962805,7.75,7.75,3.875,3.875,3.875,3.875
2025-02-28,Phoenix Suns,New Orleans Pelicans,118.94101274038402,116.74174867194272,59.52355677878595,59.417455961598094,59.834888738647386,56.90685993329533,-3.5,-3.5,-1.75,-1.75,-1.75,-1.75
2025-03-01,Charlotte Hornets,Washington Wizards,113.16961338800253,111.07706466465436,56.63528292665077,56.53433046135177,56.93150806145564,54.14555660319872,-2.0,-2.0,-1.0,-1.0,-1.0,-1.0
2025-03-02,Miami Heat,New York Knicks,112.41682216812669,110.33819283761675,56.25855155463314,56.158270613493556,56.55280623399584,53.78538660362091,-1.25,-1.25,-0.625,-0.625,-0.625,-0.625
2025-03-02,Orlando Magic,Toronto Raptors,103.13239712299122,101.22544030415287,51.612197966415664,51.520199156575565,51.88215036199172,49.34328994216114,-3.75,-3.75,-1.875,-1.875,-1.875,-1.875
2025-03-02,Indiana Pacers,Chicago Bulls,127.72357697226893,125.36191998738153,63.918756118991666,63.80482085327728,64.25307672567831,61.108843261703214,-4.75,-4.75,-2.375,-2.375,-2.375,-2.375
2025-03-02,Cleveland Cavaliers,Portland Trail Blazers,114.67519582775422,112.55480831872958,57.388745670686035,57.2864501570682,57.68891171637522,54.86589660235436,-5.25,-5.25,-2.625,-2.625,-2.625,-2.625
2025-03-02,Boston Celtics,Denver Nuggets,119.19194314700931,116.98803928095526,59.64913390279183,59.5428092442175,59.961122681133986,57.02691659982127,-1.25,-1.25,-0.625,-0.625,-0.625,-0.625
2025-03-08,Charlotte Hornets,Brooklyn Nets,108.15100525549687,106.15125248440361,54.12374044653322,54.027264808963665,54.406829211723675,51.74442327267993,4.75,4.75,2.375,2.375,2.375,2.375
2025-03-09,Dallas Mavericks,Phoenix Suns,115.67891745425536,113.53997075477973,57.891054166709544,57.787863287545825,58.193847486321616,55.34612326845812,3.5,3.5,1.75,1.75,1.75,1.75
2025-03-09,Oklahoma City Thunder,Denver Nuggets,121.19938640001158,118.95836415305556,60.65375089483885,60.54563550517274,60.970994221026764,57.98736993202879,-3.25,-3.25,-1.625,-1.625,-1.625,-1.625
2025-03-09,New Orleans Pelicans,Memphis Grizzlies,121.70124721326214,119.45094537108064,60.9049051428506,60.79634207041155,61.223462105999964,58.227483265080664,4.25,4.25,2.125,2.125,2.125,2.125
2025-03-09,Philadelphia 76ers,Utah Jazz,118.69008233375875,116.49545806293018,59.39797965478007,59.29210267897869,59.708654796160786,56.7868032667694,-3.75,-3.75,-1.875,-1.875,-1.875,-1.875
2025-03-10,Atlanta Hawks,Philadelphia 76ers,114.67519582775422,112.55480831872958,57.388745670686035,57.2864501570682,57.68891171637522,54.86589660235436,-4.25,-4.25,-2.125,-2.125,-2.125,-2.125
2025-03-10,Boston Celtics,Utah Jazz,114.17333501450366,112.0622271007045,57.13759142267428,57.035743591829394,57.43644383140202,54.62578326930248,-7.75,-7.75,-3.875,-3.875,-3.875,-3.875
2025-03-10,Brooklyn Nets,Los Angeles Lakers,108.15100525549687,106.15125248440361,54.12374044653322,54.027264808963665,54.406829211723675,51.74442327267993,2.75,2.75,1.375,1.375,1.375,1.375
2025-03-10,Miami Heat,Charlotte Hornets,108.40193566212216,106.39754309341615,54.24931757053909,54.15261809158307,54.533063154210275,51.86447993920587,-4.75,-4.75,-2.375,-2.375,-2.375,-2.375
2025-03-10,Toronto Raptors,Washington Wizards,115.17705664100478,113.04738953675466,57.639899918697786,57.53715672230702,57.941379601348416,55.10600993540624,-3.25,-3.25,-1.625,-1.625,-1.625,-1.625
2025-03-11,Detroit Pistons,Washington Wizards,116.18077826750591,114.03255197280481,58.142208414721296,58.03856985278463,58.44631537129481,55.586236601509995,-9.25,-9.25,-4.625,-4.625,-4.625,-4.625
2025-03-11,Cleveland Cavaliers,Brooklyn Nets,111.16217013500027,109.10673979255407,55.63066593460375,55.53150420039653,55.92163652156285,53.185103270991206,-8.75,-8.75,-4.375,-4.375,-4.375,-4.375
2025-03-11,Indiana Pacers,Milwaukee Bucks,118.18822152050818,116.0028768449051,59.146825406768315,59.04139611373988,59.456186911187594,56.546689933717516,-0.75,-0.75,-0.375,-0.375,-0.375,-0.375
2025-03-12,Atlanta Hawks,Charlotte Hornets,114.67519582775422,112.55480831872958,57.388745670686035,57.2864501570682,57.68891171637522,54.86589660235436,-3.75,-3.75,-1.875,-1.875,-1.875,-1.875
2025-03-12,Boston Celtics,Oklahoma City Thunder,114.92612623437951,112.80109892774212,57.51432279469191,57.41180343968761,57.81514565886182,54.9859532688803,-2.25,-2.25,-1.125,-1.125,-1.125,-1.125
2025-03-12,Toronto Raptors,Philadelphia 76ers,107.14728362899574,105.16609004835347,53.62143195050971,53.52585167848605,53.90189344177729,51.26419660657618,-1.25,-1.25,-0.625,-0.625,-0.625,-0.625
2025-03-13,Detroit Pistons,Washington Wizards,121.19938640001158,118.95836415305556,60.65375089483885,60.54563550517274,60.970994221026764,57.98736993202879,-4.25,-4.25,-2.125,-2.125,-2.125,-2.125
2025-03-13,Milwaukee Bucks,Los Angeles Lakers,112.1658917615014,110.09190222860421,56.13297443062726,56.03291733087415,56.426572291509245,53.66532993709497,-3.25,-3.25,-1.625,-1.625,-1.625,-1.625
2025-03-14,Miami Heat,Boston Celtics,107.64914444224631,105.65867126637853,53.87258619852146,53.77655824372486,54.15436132675048,51.50430993962805,3.75,3.75,1.875,1.875,1.875,1.875
2025-03-14,Philadelphia 76ers,Indiana Pacers,108.65286606874744,106.64383370242868,54.37489469454497,54.27797137420248,54.659297096696875,51.98453660573181,5.25,5.25,2.625,2.625,2.625,2.625
2025-03-14,Atlanta Hawks,Los Angeles Clippers,116.18077826750591,114.03255197280481,58.142208414721296,58.03856985278463,58.44631537129481,55.586236601509995,1.75,1.75,0.875,0.875,0.875,0.875
2025-03-15,Detroit Pistons,Oklahoma City Thunder,112.66775257475196,110.58448344662928,56.384128678639016,56.283623896112964,56.67904017648244,53.90544327014685,-1.25,-1.25,-0.625,-0.625,-0.625,-0.625
2025-03-15,Brooklyn Nets,Boston Celtics,110.6603093217497,108.61415857452899,55.37951168659199,55.28079763515772,55.66916863658966,52.944989937939326,3.25,3.25,1.625,1.625,1.625,1.625
2025-03-16,Dallas Mavericks,Philadelphia 76ers,112.41682216812669,110.33819283761675,56.25855155463314,56.158270613493556,56.55280623399584,53.78538660362091,-2.5,-2.5,-1.25,-1.25,-1.25,-1.25
2025-03-16,Cleveland Cavaliers,Orlando Magic,109.90751810187385,107.87528674749137,55.00278031457436,54.9047377872995,55.29046680912986,52.58481993836151,-5.25,-5.25,-2.625,-2.625,-2.625,-2.625
2025-03-16,Los Angeles Lakers,Phoenix Suns,115.17705664100478,113.04738953675466,57.639899918697786,57.53715672230702,57.941379601348416,55.10600993540624,-2.0,-2.0,-1.0,-1.0,-1.0,-1.0
2025-03-16,Brooklyn Nets,Atlanta Hawks,116.18077826750591,114.03255197280481,58.142208414721296,58.03856985278463,58.44631537129481,55.586236601509995,3.0,3.0,1.5,1.5,1.5,1.5
2025-03-16,Portland Trail Blazers,Toronto Raptors,108.15100525549687,106.15125248440361,54.12374044653322,54.027264808963665,54.406829211723675,51.74442327267993,-3.75,-3.75,-1.875,-1.875,-1.875,-1.875
2025-03-16,Los Angeles Clippers,Charlotte Hornets,111.16217013500027,109.10673979255407,55.63066593460375,55.53150420039653,55.92163652156285,53.185103270991206,-9.75,-9.75,-4.875,-4.875,-4.875,-4.875
2025-03-16,Minnesota Timberwolves,Utah Jazz,115.67891745425536,113.53997075477973,57.891054166709544,57.787863287545825,58.193847486321616,55.34612326845812,-6.75,-6.75,-3.375,-3.375,-3.375,-3.375
2025-03-17,New York Knicks,Miami Heat,106.64542281574518,104.67350883032839,53.37027770249795,53.275145113247234,53.64942555680409,51.0240832735243,-1.75,-1.75,-0.875,-0.875,-0.875,-0.875
2025-03-18,Charlotte Hornets,Atlanta Hawks,118.69008233375875,116.49545806293018,59.39797965478007,59.29210267897869,59.708654796160786,56.7868032667694,4.75,4.75,2.375,2.375,2.375,2.375
2025-03-18,Boston Celtics,Brooklyn Nets,105.13984037599347,103.19576517625316,52.61681495846268,52.5230254175308,52.892021901884505,50.30374327436866,-6.75,-6.75,-3.375,-3.375,-3.375,-3.375
2025-03-19,Indiana Pacers,Dallas Mavericks,113.67147420125309,111.56964588267944,56.886437174662525,56.78503702659058,57.18397594642883,54.3856699362506,-4.0,-4.0,-2.0,-2.0,-2.0,-2.0
2025-03-19,Miami Heat,Detroit Pistons,109.154726881998,107.13641492045376,54.62604894255673,54.52867793944129,54.91176498167007,52.22464993878369,2.25,2.25,1.125,1.125,1.125,1.125
2025-03-19,Orlando Magic,Houston Rockets,104.8889099693682,102.94947456724063,52.49123783445681,52.397672134911396,52.765787959397905,50.183686607842716,1.25,1.25,0.625,0.625,0.625,0.625
2025-03-20,Charlotte Hornets,New York Knicks,102.63053630974065,100.73285908612779,51.36104371840391,51.26949259133675,51.62968247701853,49.10317660910926,0.75,0.75,0.375,0.375,0.375,0.375
2025-03-20,Indiana Pacers,Brooklyn Nets,101.62681468323952,99.74769665007764,50.8587352223804,50.76807946085913,51.124746707072134,48.62294994300551,-4.5,-4.5,-2.25,-2.25,-2.25,-2.25
2025-03-21,Washington Wizards,Orlando Magic,108.40193566212216,106.39754309341615,54.24931757053909,54.15261809158307,54.533063154210275,51.86447993920587,3.5,3.5,1.75,1.75,1.75,1.75
2025-03-22,Indiana Pacers,Brooklyn Nets,110.15844850849913,108.1215773565039,55.12835743858024,55.03009106991891,55.41670075161646,52.70487660488745,-4.75,-4.75,-2.375,-2.375,-2.375,-2.375
2025-03-22,Atlanta Hawks,Golden State Warriors,115.67891745425536,113.53997075477973,57.891054166709544,57.787863287545825,58.193847486321616,55.34612326845812,-3.25,-3.25,-1.625,-1.625,-1.625,-1.625
2025-03-23,Houston Rockets,Denver Nuggets,110.15844850849913,108.1215773565039,55.12835743858024,55.03009106991891,55.41670075161646,52.70487660488745,-2.75,-2.75,-1.375,-1.375,-1.375,-1.375
2025-03-23,Portland Trail Blazers,Boston Celtics,128.2254377855195,125.8545012054066,64.16991036700342,64.05552741851609,64.50554461065151,61.348956594755094,4.75,4.75,2.375,2.375,2.375,2.375
2025-03-23,Miami Heat,Charlotte Hornets,111.16217013500027,109.10673979255407,55.63066593460375,55.53150420039653,55.92163652156285,53.185103270991206,-11.25,-11.25,-5.625,-5.625,-5.625,-5.625
2025-03-23,Atlanta Hawks,Philadelphia 76ers,124.71241209276553,122.40643267923107,62.41183063092113,62.300581461844416,62.738269415839135,59.66816326339194,-9.75,-9.75,-4.875,-4.875,-4.875,-4.875
2025-03-23,Utah Jazz,Cleveland Cavaliers,117.93729111388289,115.75658623589257,59.02124828276244,58.91604283112047,59.329952968700994,56.426633267191576,7.5,7.5,3.75,3.75,3.75,3.75
2025-03-23,Toronto Raptors,San Antonio Spurs,109.65658769524858,107.62899613847884,54.87720319056848,54.779384504680095,55.16423286664327,52.46476327183557,-0.5,-0.5,-0.25,-0.25,-0.25,-0.25
2025-03-23,Detroit Pistons,New Orleans Pelicans,116.18077826750591,114.03255197280481,58.142208414721296,58.03856985278463,58.44631537129481,55.586236601509995,-5.75,-5.75,-2.875,-2.875,-2.875,-2.875
2025-03-24,Orlando Magic,Los Angeles Lakers,108.15100525549687,106.15125248440361,54.12374044653322,54.027264808963665,54.406829211723675,51.74442327267993,1.25,1.25,0.625,0.625,0.625,0.625
2025-03-24,Brooklyn Nets,Dallas Mavericks,107.64914444224631,105.65867126637853,53.87258619852146,53.77655824372486,54.15436132675048,51.50430993962805,0.5,0.5,0.25,0.25,0.25,0.25
2025-03-24,Washington Wizards,Toronto Raptors,113.67147420125309,111.56964588267944,56.886437174662525,56.78503702659058,57.18397594642883,54.3856699362506,-0.75,-0.75,-0.375,-0.375,-0.375,-0.375
2025-03-24,Indiana Pacers,Minnesota Timberwolves,109.65658769524858,107.62899613847884,54.87720319056848,54.779384504680095,55.16423286664327,52.46476327183557,-0.75,-0.75,-0.375,-0.375,-0.375,-0.375
2025-03-25,New York Knicks,Dallas Mavericks,118.18822152050818,116.0028768449051,59.146825406768315,59.04139611373988,59.456186911187594,56.546689933717516,-6.75,-6.75,-3.375,-3.375,-3.375,-3.375
2025-03-25,Miami Heat,Golden State Warriors,101.12495386998896,99.25511543205256,50.607580974368645,50.51737289562032,50.87227882209894,48.38283660995363,0.75,0.75,0.375,0.375,0.375,0.375
2025-03-25,Detroit Pistons,San Antonio Spurs,110.6603093217497,108.61415857452899,55.37951168659199,55.28079763515772,55.66916863658966,52.944989937939326,-8.75,-8.75,-4.375,-4.375,-4.375,-4.375
2025-03-25,Charlotte Hornets,Orlando Magic,105.64170118924405,103.68834639427824,52.86796920647444,52.77373198276961,53.1444897868577,50.54385660742054,2.5,2.5,1.25,1.25,1.25,1.25
2025-03-26,Indiana Pacers,Los Angeles Lakers,116.68263908075649,114.52513319082988,58.393362662733054,58.28927641802345,58.69878325626801,55.826349934561875,-0.75,-0.75,-0.375,-0.375,-0.375,-0.375
2025-03-26,Brooklyn Nets,Toronto Raptors,107.14728362899574,105.16609004835347,53.62143195050971,53.52585167848605,53.90189344177729,51.26419660657618,1.25,1.25,0.625,0.625,0.625,0.625
2025-03-26,Philadelphia 76ers,Washington Wizards,115.67891745425536,113.53997075477973,57.891054166709544,57.787863287545825,58.193847486321616,55.34612326845812,2.75,2.75,1.375,1.375,1.375,1.375
2025-03-26,New York Knicks,Los Angeles Clippers,109.154726881998,107.13641492045376,54.62604894255673,54.52867793944129,54.91176498167007,52.22464993878369,-1.25,-1.25,-0.625,-0.625,-0.625,-0.625
2025-03-27,Orlando Magic,Dallas Mavericks,97.11006736398443,95.31446568785196,48.59834699027461,48.511720373709835,48.85253574231337,46.46192994553859,-3.25,-3.25,-1.625,-1.625,-1.625,-1.625
2025-03-27,Washington Wizards,Indiana Pacers,119.19194314700931,116.98803928095526,59.64913390279183,59.5428092442175,59.961122681133986,57.02691659982127,5.25,5.25,2.625,2.625,2.625,2.625
2025-03-27,Miami Heat,Atlanta Hawks,113.67147420125309,111.56964588267944,56.886437174662525,56.78503702659058,57.18397594642883,54.3856699362506,2.25,2.25,1.125,1.125,1.125,1.125
2025-03-27,Cleveland Cavaliers,San Antonio Spurs,114.67519582775422,112.55480831872958,57.388745670686035,57.2864501570682,57.68891171637522,54.86589660235436,-8.25,-8.25,-4.125,-4.125,-4.125,-4.125
2025-03-28,Detroit Pistons,Cleveland Cavaliers,117.68636070725762,115.51029562688004,58.895671158756564,58.790689548501064,59.203719026214394,56.306576600665636,2.75,2.75,1.375,1.375,1.375,1.375
2025-03-28,Brooklyn Nets,Los Angeles Clippers,108.65286606874744,106.64383370242868,54.37489469454497,54.27797137420248,54.659297096696875,51.98453660573181,5.5,5.5,2.75,2.75,2.75,2.75
2025-03-28,Toronto Raptors,Charlotte Hornets,110.6603093217497,108.61415857452899,55.37951168659199,55.28079763515772,55.66916863658966,52.944989937939326,-2.75,-2.75,-1.375,-1.375,-1.375,-1.375
2025-03-29,Philadelphia 76ers,Miami Heat,110.6603093217497,108.61415857452899,55.37951168659199,55.28079763515772,55.66916863658966,52.944989937939326,4.75,4.75,2.375,2.375,2.375,2.375
2025-03-29,Washington Wizards,Brooklyn Nets,110.6603093217497,108.61415857452899,55.37951168659199,55.28079763515772,55.66916863658966,52.944989937939326,-3.25,-3.25,-1.625,-1.625,-1.625,-1.625
2025-03-29,Orlando Magic,Sacramento Kings,109.65658769524858,107.62899613847884,54.87720319056848,54.779384504680095,55.16423286664327,52.46476327183557,0.5,0.5,0.25,0.25,0.25,0.25
2025-03-30,San Antonio Spurs,Golden State Warriors,116.68263908075649,114.52513319082988,58.393362662733054,58.28927641802345,58.69878325626801,55.826349934561875,6.0,6.0,3.0,3.0,3.0,3.0
2025-03-30,Philadelphia 76ers,Toronto Raptors,112.66775257475196,110.58448344662928,56.384128678639016,56.283623896112964,56.67904017648244,53.90544327014685,1.0,1.0,0.5,0.5,0.5,0.5
2025-03-30,New Orleans Pelicans,Charlotte Hornets,103.13239712299122,101.22544030415287,51.612197966415664,51.520199156575565,51.88215036199172,49.34328994216114,-1.5,-1.5,-0.75,-0.75,-0.75,-0.75
2025-03-30,Milwaukee Bucks,Atlanta Hawks,116.4317086741312,114.27884258181734,58.267785538727175,58.16392313540404,58.57254931378141,55.706293268035935,-1.75,-1.75,-0.875,-0.875,-0.875,-0.875
2025-03-30,New York Knicks,Portland Trail Blazers,106.64542281574518,104.67350883032839,53.37027770249795,53.275145113247234,53.64942555680409,51.0240832735243,-4.5,-4.5,-2.25,-2.25,-2.25,-2.25
2025-03-30,Cleveland Cavaliers,Los Angeles Clippers,116.18077826750591,114.03255197280481,58.142208414721296,58.03856985278463,58.44631537129481,55.586236601509995,-3.5,-3.5,-1.75,-1.75,-1.75,-1.75
2025-03-30,Minnesota Timberwolves,Detroit Pistons,109.65658769524858,107.62899613847884,54.87720319056848,54.779384504680095,55.16423286664327,52.46476327183557,-1.25,-1.25,-0.625,-0.625,-0.625,-0.625
2025-03-31,Charlotte Hornets,Utah Jazz,111.41310054162555,109.3530304015666,55.75624305860963,55.65685748301593,56.04787046404945,53.305159937517146,-4.25,-4.25,-2.125,-2.125,-2.125,-2.125
2025-03-31,Indiana Pacers,Sacramento Kings,115.67891745425536,113.53997075477973,57.891054166709544,57.787863287545825,58.193847486321616,55.34612326845812,-2.75,-2.75,-1.375,-1.375,-1.375,-1.375
2025-03-31,Orlando Magic,Los Angeles Clippers,106.64542281574518,104.67350883032839,53.37027770249795,53.275145113247234,53.64942555680409,51.0240832735243,2.25,2.25,1.125,1.125,1.125,1.125
2025-03-31,Washington Wizards,Miami Heat,110.6603093217497,108.61415857452899,55.37951168659199,55.28079763515772,55.66916863658966,52.944989937939326,4.0,4.0,2.0,2.0,2.0,2.0
2025-03-31,Memphis Grizzlies,Boston Celtics,117.18449989400705,115.01771440885496,58.644516910744805,58.539982983262256,58.9512511412412,56.066463267613756,2.0,2.0,1.0,1.0,1.0,1.0
2025-04-01,New York Knicks,Philadelphia 76ers,109.90751810187385,107.87528674749137,55.00278031457436,54.9047377872995,55.29046680912986,52.58481993836151,-8.25,-8.25,-4.125,-4.125,-4.125,-4.125
2025-04-01,Atlanta Hawks,Portland Trail Blazers,119.19194314700931,116.98803928095526,59.64913390279183,59.5428092442175,59.961122681133986,57.02691659982127,-1.75,-1.75,-0.875,-0.875,-0.875,-0.875
2025-04-01,Milwaukee Bucks,Phoenix Suns,110.6603093217497,108.61415857452899,55.37951168659199,55.28079763515772,55.66916863658966,52.944989937939326,-3.5,-3.5,-1.75,-1.75,-1.75,-1.75
2025-04-02,Washington Wizards,Sacramento Kings,116.18077826750591,114.03255197280481,58.142208414721296,58.03856985278463,58.44631537129481,55.586236601509995,6.0,6.0,3.0,3.0,3.0,3.0
2025-04-02,Indiana Pacers,Charlotte Hornets,112.66775257475196,110.58448344662928,56.384128678639016,56.283623896112964,56.67904017648244,53.90544327014685,-7.25,-7.25,-3.625,-3.625,-3.625,-3.625
2025-04-02,Cleveland Cavaliers,New York Knicks,116.68263908075649,114.52513319082988,58.393362662733054,58.28927641802345,58.69878325626801,55.826349934561875,0.75,0.75,0.375,0.375,0.375,0.375
2025-04-02,Boston Celtics,Miami Heat,106.39449240911989,104.42721822131585,53.24470057849207,53.149791830627834,53.52319161431749,50.90402660699836,-5.25,-5.25,-2.625,-2.625,-2.625,-2.625
2025-04-03,Washington Wizards,Orlando Magic,106.1435620024946,104.18092761230331,53.1191234544862,53.024438548008426,53.3969576718309,50.78396994047242,6.75,6.75,3.375,3.375,3.375,3.375
2025-04-03,Philadelphia 76ers,Milwaukee Bucks,116.68263908075649,114.52513319082988,58.393362662733054,58.28927641802345,58.69878325626801,55.826349934561875,4.75,4.75,2.375,2.375,2.375,2.375
2025-04-03,Brooklyn Nets,Minnesota Timberwolves,108.40193566212216,106.39754309341615,54.24931757053909,54.15261809158307,54.533063154210275,51.86447993920587,7.25,7.25,3.625,3.625,3.625,3.625
2025-04-03,Miami Heat,Memphis Grizzlies,113.67147420125309,111.56964588267944,56.886437174662525,56.78503702659058,57.18397594642883,54.3856699362506,1.75,1.75,0.875,0.875,0.875,0.875
2025-04-03,Toronto Raptors,Portland Trail Blazers,113.67147420125309,111.56964588267944,56.886437174662525,56.78503702659058,57.18397594642883,54.3856699362506,1.25,1.25,0.625,0.625,0.625,0.625
2025-04-04,Charlotte Hornets,Sacramento Kings,110.6603093217497,108.61415857452899,55.37951168659199,55.28079763515772,55.66916863658966,52.944989937939326,5.25,5.25,2.625,2.625,2.625,2.625
2025-04-04,Toronto Raptors,Detroit Pistons,113.4205437946278,111.32335527366689,56.760860050656646,56.65968374397118,57.05774200394223,54.26561326972466,5.0,5.0,2.5,2.5,2.5,2.5
2025-04-04,Boston Celtics,Phoenix Suns,113.16961338800253,111.07706466465436,56.63528292665077,56.53433046135177,56.93150806145564,54.14555660319872,-7.5,-7.5,-3.75,-3.75,-3.75,-3.75
2025-04-04,Indiana Pacers,Utah Jazz,118.69008233375875,116.49545806293018,59.39797965478007,59.29210267897869,59.708654796160786,56.7868032667694,-7.75,-7.75,-3.875,-3.875,-3.875,-3.875
2025-04-05,Detroit Pistons,Memphis Grizzlies,108.65286606874744,106.64383370242868,54.37489469454497,54.27797137420248,54.659297096696875,51.98453660573181,1.25,1.25,0.625,0.625,0.625,0.625
2025-04-05,Philadelphia 76ers,Minnesota Timberwolves,107.64914444224631,105.65867126637853,53.87258619852146,53.77655824372486,54.15436132675048,51.50430993962805,6.75,6.75,3.375,3.375,3.375,3.375
2025-04-05,Los Angeles Clippers,Dallas Mavericks,113.4205437946278,111.32335527366689,56.760860050656646,56.65968374397118,57.05774200394223,54.26561326972466,-5.25,-5.25,-2.625,-2.625,-2.625,-2.625
2025-04-06,New York Knicks,Phoenix Suns,114.17333501450366,112.0622271007045,57.13759142267428,57.035743591829394,57.43644383140202,54.62578326930248,-7.75,-7.75,-3.875,-3.875,-3.875,-3.875
2025-04-06,Portland Trail Blazers,San Antonio Spurs,108.65286606874744,106.64383370242868,54.37489469454497,54.27797137420248,54.659297096696875,51.98453660573181,-4.75,-4.75,-2.375,-2.375,-2.375,-2.375
2025-04-06,Charlotte Hornets,Chicago Bulls,114.42426542112894,112.30851770971705,57.263168546680156,57.1610968744488,57.56267777388862,54.74583993582842,4.75,4.75,2.375,2.375,2.375,2.375
2025-04-06,Boston Celtics,Washington Wizards,113.16961338800253,111.07706466465436,56.63528292665077,56.53433046135177,56.93150806145564,54.14555660319872,-10.25,-10.25,-5.125,-5.125,-5.125,-5.125
2025-04-06,Atlanta Hawks,Utah Jazz,122.20310802651271,119.9435265891057,61.15605939086236,61.04704863565036,61.47592999097316,58.467596598132545,-6.0,-6.0,-3.0,-3.0,-3.0,-3.0
2025-04-06,Oklahoma City Thunder,Los Angeles Lakers,116.93356948738177,114.77142379984242,58.51893978673893,58.41462970064285,58.8250171987546,55.946406601087816,-4.5,-4.5,-2.25,-2.25,-2.25,-2.25
2025-04-06,Brooklyn Nets,Toronto Raptors,107.64914444224631,105.65867126637853,53.87258619852146,53.77655824372486,54.15436132675048,51.50430993962805,1.0,1.0,0.5,0.5,0.5,0.5
2025-04-06,Cleveland Cavaliers,Sacramento Kings,118.69008233375875,116.49545806293018,59.39797965478007,59.29210267897869,59.708654796160786,56.7868032667694,-5.0,-5.0,-2.5,-2.5,-2.5,-2.5
2025-04-07,Detroit Pistons,Sacramento Kings,124.21055127951497,121.91385146120601,62.16067638290938,62.0498748966056,62.48580153086594,59.428049930340066,-4.25,-4.25,-2.125,-2.125,-2.125,-2.125
2025-04-07,Miami Heat,Philadelphia 76ers,109.65658769524858,107.62899613847884,54.87720319056848,54.779384504680095,55.16423286664327,52.46476327183557,-4.75,-4.75,-2.375,-2.375,-2.375,-2.375
2025-04-08,New York Knicks,Boston Celtics,111.16217013500027,109.10673979255407,55.63066593460375,55.53150420039653,55.92163652156285,53.185103270991206,1.0,1.0,0.5,0.5,0.5,0.5
2025-04-08,Orlando Magic,Atlanta Hawks,112.91868298137724,110.83077405564183,56.50970580264489,56.408977178732364,56.80527411896904,54.02549993667279,-2.25,-2.25,-1.125,-1.125,-1.125,-1.125
2025-04-08,Indiana Pacers,Washington Wizards,119.69380396025988,117.48062049898033,59.90028815080358,59.79351580945631,60.21359056610718,57.26702993287315,-9.25,-9.25,-4.625,-4.625,-4.625,-4.625
2025-04-08,Cleveland Cavaliers,Chicago Bulls,119.69380396025988,117.48062049898033,59.90028815080358,59.79351580945631,60.21359056610718,57.26702993287315,-8.75,-8.75,-4.375,-4.375,-4.375,-4.375
2025-04-08,Charlotte Hornets,Memphis Grizzlies,113.67147420125309,111.56964588267944,56.886437174662525,56.78503702659058,57.18397594642883,54.3856699362506,6.75,6.75,3.375,3.375,3.375,3.375
2025-04-08,Brooklyn Nets,New Orleans Pelicans,107.14728362899574,105.16609004835347,53.62143195050971,53.52585167848605,53.90189344177729,51.26419660657618,-1.0,-1.0,-0.5,-0.5,-0.5,-0.5
2025-04-09,Dallas Mavericks,Los Angeles Lakers,114.42426542112894,112.30851770971705,57.263168546680156,57.1610968744488,57.56267777388862,54.74583993582842,2.25,2.25,1.125,1.125,1.125,1.125
2025-04-09,Toronto Raptors,Charlotte Hornets,107.14728362899574,105.16609004835347,53.62143195050971,53.52585167848605,53.90189344177729,51.26419660657618,-5.25,-5.25,-2.625,-2.625,-2.625,-2.625
2025-04-09,Washington Wizards,Philadelphia 76ers,107.14728362899574,105.16609004835347,53.62143195050971,53.52585167848605,53.90189344177729,51.26419660657618,-0.5,-0.5,-0.25,-0.25,-0.25,-0.25
2025-04-09,Orlando Magic,Boston Celtics,99.61937143023725,97.77737177797734,49.854118230333384,49.76525319990389,50.11487516717935,47.66249661079799,-9.75,-9.75,-4.875,-4.875,-4.875,-4.875
2025-04-10,Brooklyn Nets,Atlanta Hawks,114.67519582775422,112.55480831872958,57.388745670686035,57.2864501570682,57.68891171637522,54.86589660235436,6.75,6.75,3.375,3.375,3.375,3.375
2025-04-10,Detroit Pistons,New York Knicks,115.17705664100478,113.04738953675466,57.639899918697786,57.53715672230702,57.941379601348416,55.10600993540624,1.25,1.25,0.625,0.625,0.625,0.625
2025-04-10,Indiana Pacers,Cleveland Cavaliers,114.17333501450366,112.0622271007045,57.13759142267428,57.035743591829394,57.43644383140202,54.62578326930248,-4.25,-4.25,-2.125,-2.125,-2.125,-2.125
2025-04-11,New York Knicks,Cleveland Cavaliers,114.17333501450366,112.0622271007045,57.13759142267428,57.035743591829394,57.43644383140202,54.62578326930248,-3.25,-3.25,-1.625,-1.625,-1.625,-1.625
2025-04-11,Boston Celtics,Charlotte Hornets,107.14728362899574,105.16609004835347,53.62143195050971,53.52585167848605,53.90189344177729,51.26419660657618,-9.25,-9.25,-4.625,-4.625,-4.625,-4.625
2025-04-11,Philadelphia 76ers,Atlanta Hawks,119.69380396025988,117.48062049898033,59.90028815080358,59.79351580945631,60.21359056610718,57.26702993287315,2.75,2.75,1.375,1.375,1.375,1.375
2025-04-11,Indiana Pacers,Orlando Magic,112.1658917615014,110.09190222860421,56.13297443062726,56.03291733087415,56.426572291509245,53.66532993709497,2.75,2.75,1.375,1.375,1.375,1.375
2025-04-11,Detroit Pistons,Milwaukee Bucks,123.7086904662644,121.42127024318093,61.90952213489762,61.79916833136679,62.23333364589274,59.187936597288186,1.25,1.25,0.625,0.625,0.625,0.625
2025-04-13,Golden State Warriors,Los Angeles Clippers,108.90379647537272,106.89012431144123,54.50047181855085,54.40332465682188,54.785531039183475,52.10459327225775,-1.0,-1.0,-0.5,-0.5,-0.5,-0.5
2025-04-13,Minnesota Timberwolves,Utah Jazz,116.18077826750591,114.03255197280481,58.142208414721296,58.03856985278463,58.44631537129481,55.586236601509995,-11.0,-11.0,-5.5,-5.5,-5.5,-5.5
2025-04-13,Sacramento Kings,Phoenix Suns,114.17333501450366,112.0622271007045,57.13759142267428,57.035743591829394,57.43644383140202,54.62578326930248,-6.75,-6.75,-3.375,-3.375,-3.375,-3.375
