player_id,player_name,stat,n,bias,adj,date,window_days
1630172,Patrick Williams,ast,21,-0.5329932999999998,-0.38596066551724123,2025-11-13,30
1629675,Naz Reid,ast,18,-0.34004845000000006,-0.23541815769230773,2025-11-13,30
1630581,Josh Giddey,ast,17,1.8,1.2240000000000002,2025-11-13,30
1628392,Isaiah Hartenstein,ast,15,-1.0594082,-0.6909183913043478,2025-11-13,30
1628991,Jaren Jackson Jr.,ast,15,-0.8639671,-0.5634568043478261,2025-11-13,30
1642377,Jaylen Wells,ast,15,-0.26016459999999997,-0.1696725652173913,2025-11-13,30
1627759,Jaylen Brown,ast,14,0.33034535,0.21021976818181817,2025-11-13,30
1628401,Derrick White,ast,14,-0.12826059096513642,-0.08162037606872317,2025-11-13,30
1629060,Rui Hachimura,ast,14,-0.4749483435575337,-0.3022398549911578,2025-11-13,30
1629674,Neemias Queta,ast,14,-0.35156489999999996,-0.22372311818181814,2025-11-13,30
1630202,Payton Pritchard,ast,14,0.6423208500000002,0.4087496318181819,2025-11-13,30
1630228,Jonathan Kuminga,ast,14,0.8321524,0.5295515272727273,2025-11-13,30
1630583,Santi Aldama,ast,14,-0.75218545,-0.4786634681818182,2025-11-13,30
1641764,Brandin Podziemski,ast,14,-0.5975735000000002,-0.3802740454545456,2025-11-13,30
203484,Kentavious Caldwell-Pope,ast,13,0.5917300000000001,0.3663090476190477,2025-11-13,30
203924,Jerami Grant,ast,13,-0.8776809999999999,-0.5433263333333334,2025-11-13,30
1627741,Buddy Hield,ast,13,-0.16228489999999995,-0.10046208095238093,2025-11-13,30
1627826,Ivica Zubac,ast,13,-0.6582005,-0.4074574523809524,2025-11-13,30
1627884,Derrick Jones Jr.,ast,13,-0.4124981999999999,-0.25535602857142853,2025-11-13,30
1628970,Miles Bridges,ast,13,0.4071862999999998,0.2520677095238094,2025-11-13,30
1628976,Wendell Carter Jr.,ast,13,-0.24769700000000006,-0.15333623809523814,2025-11-13,30
1628983,Shai Gilgeous-Alexander,ast,13,-1.4602171183214931,-0.9039439303894958,2025-11-13,30
1629018,Gary Trent Jr.,ast,13,-0.09522820000000021,-0.058950790476190604,2025-11-13,30
1629023,P.J. Washington,ast,13,0.1397816999999999,0.08653152857142851,2025-11-13,30
1629628,RJ Barrett,ast,13,0.3479266000000001,0.2153831333333334,2025-11-13,30
1630193,Immanuel Quickley,ast,13,1.695614,1.0496658095238096,2025-11-13,30
1630532,Franz Wagner,ast,13,0.11841299999999988,0.07330328571428564,2025-11-13,30
1630567,Scottie Barnes,ast,13,0.1684215,0.10426092857142857,2025-11-13,30
1631094,Paolo Banchero,ast,13,-1.0932255359722634,-0.6767586651256868,2025-11-13,30
1631101,Shaedon Sharpe,ast,13,-1.148753945919136,-0.7111333950927985,2025-11-13,30
1631108,Max Christie,ast,13,0.2730900999999999,0.16905577619047613,2025-11-13,30
1631157,Ryan Rollins,ast,13,0.5501800000000001,0.34058761904761914,2025-11-13,30
1631260,AJ Green,ast,13,-0.20952819999999983,-0.12970793333333322,2025-11-13,30
1641710,Anthony Black,ast,13,0.014680400000000038,0.00908786666666669,2025-11-13,30
1641717,Cason Wallace,ast,13,-0.4328574999999999,-0.2679594047619047,2025-11-13,30
1641783,Tristan da Silva,ast,13,-1.0183122,-0.6303837428571428,2025-11-13,30
1641824,Matas Buzelis,ast,13,-0.7267001,-0.44986196666666667,2025-11-13,30
1642259,Alex Sarr,ast,13,0.2954306999999998,0.18288567142857132,2025-11-13,30
1642276,Kel'el Ware,ast,13,-0.8600638,-0.5324204476190476,2025-11-13,30
1642347,Jamal Shead,ast,13,-0.36778900000000014,-0.22767890476190486,2025-11-13,30
201942,DeMar DeRozan,ast,12,-0.738497,-0.44309819999999994,2025-11-13,30
202710,Jimmy Butler III,ast,12,-0.09498654999999978,-0.056991929999999864,2025-11-13,30
203084,Harrison Barnes,ast,12,-0.1488098,-0.08928588,2025-11-13,30
203110,Draymond Green,ast,12,0.42854099999999984,0.25712459999999987,2025-11-13,30
203468,CJ McCollum,ast,12,-0.31027930000000015,-0.18616758000000008,2025-11-13,30
203497,Rudy Gobert,ast,12,-0.4348835000000001,-0.26093010000000005,2025-11-13,30
203897,Zach LaVine,ast,12,0.16565620000000014,0.09939372000000009,2025-11-13,30
1626162,Kelly Oubre Jr.,ast,12,-0.47168769999999993,-0.28301261999999994,2025-11-13,30
1626171,Bobby Portis,ast,12,-1.21969345,-0.73181607,2025-11-13,30
1626220,Royce O'Neale,ast,12,0.3985887,0.23915322,2025-11-13,30
1628960,Grayson Allen,ast,12,0.9428970000000001,0.5657382000000001,2025-11-13,30
1628969,Mikal Bridges,ast,12,1.13936425,0.68361855,2025-11-13,30
1628973,Jalen Brunson,ast,12,0.4010178500000001,0.24061071000000006,2025-11-13,30
1628978,Donte DiVincenzo,ast,12,0.22231384999999992,0.13338830999999995,2025-11-13,30
1629004,Svi Mykhailiuk,ast,12,0.020519164236727505,0.012311498542036503,2025-11-13,30
1629028,Deandre Ayton,ast,12,-0.7403025977745352,-0.44418155866472114,2025-11-13,30
1629111,Jock Landale,ast,12,-0.25138505,-0.15083103,2025-11-13,30
1629640,Keldon Johnson,ast,12,-0.80366545,-0.48219926999999996,2025-11-13,30
1630168,Onyeka Okongwu,ast,12,-0.57379855,-0.34427913,2025-11-13,30
1630170,Devin Vassell,ast,12,-0.7950974500000001,-0.47705847,2025-11-13,30
1630183,Jaden McDaniels,ast,12,0.1391800453882398,0.08350802723294388,2025-11-13,30
1630188,Jalen Smith,ast,12,-0.5413866638328152,-0.3248319982996891,2025-11-13,30
1630200,Tre Jones,ast,12,0.07586705000000027,0.04552023000000016,2025-11-13,30
1630217,Desmond Bane,ast,12,1.3065531499999998,0.7839318899999999,2025-11-13,30
1630230,Naji Marshall,ast,12,0.003154749999999984,0.0018928499999999902,2025-11-13,30
1630530,Trey Murphy III,ast,12,1.0497763,0.6298657799999999,2025-11-13,30
1630573,Sam Hauser,ast,12,-0.8252995750000001,-0.495179745,2025-11-13,30
1630577,Julian Champagnie,ast,12,0.04709535407978399,0.028257212447870394,2025-11-13,30
1630596,Evan Mobley,ast,12,0.9809667500000001,0.58858005,2025-11-13,30
1631105,Jalen Duren,ast,12,-0.9537650880791433,-0.5722590528474859,2025-11-13,30
1631128,Christian Braun,ast,12,-0.009317149999999996,-0.005590289999999998,2025-11-13,30
1631170,Jaime Jaquez Jr.,ast,12,1.318499787614302,0.7910998725685813,2025-11-13,30
1641730,Noah Clowney,ast,12,0.4833595699999999,0.2900157419999999,2025-11-13,30
1642263,Reed Sheppard,ast,12,-0.49996624999999995,-0.29997974999999993,2025-11-13,30
1642270,Donovan Clingan,ast,12,-0.7958463318554867,-0.477507799113292,2025-11-13,30
1642273,Kyshawn George,ast,12,1.8,1.08,2025-11-13,30
1642346,Ryan Dunn,ast,12,-0.5189508,-0.31137048,2025-11-13,30
201572,Brook Lopez,ast,11,-1.3496857,-0.7813969842105264,2025-11-13,30
203903,Jordan Clarkson,ast,11,-1.1367015999999999,-0.6580904,2025-11-13,30
203932,Aaron Gordon,ast,11,-1.5192313,-0.8795549631578947,2025-11-13,30
203952,Andrew Wiggins,ast,11,-0.1710014000000002,-0.0990008105263159,2025-11-13,30
1626157,Karl-Anthony Towns,ast,11,0.1700339999999998,0.09844073684210515,2025-11-13,30
1626164,Devin Booker,ast,11,0.5826690000000001,0.33733468421052637,2025-11-13,30
1627742,Brandon Ingram,ast,11,0.4888458,0.2830159894736842,2025-11-13,30
1628374,Lauri Markkanen,ast,11,0.1820867302498952,0.10541863330257091,2025-11-13,30
1628378,Donovan Mitchell,ast,11,-0.05143930000000019,-0.029780647368421162,2025-11-13,30
1628381,John Collins,ast,11,-0.38222409999999996,-0.22128763684210526,2025-11-13,30
1628386,Jarrett Allen,ast,11,-0.18893000000000004,-0.1093805263157895,2025-11-13,30
1628398,Kyle Kuzma,ast,11,-1.2039065,-0.6969985000000001,2025-11-13,30
1628989,Kevin Huerter,ast,11,-0.9565220000000001,-0.5537758947368422,2025-11-13,30
1629020,Jarred Vanderbilt,ast,11,0.03581830000000008,0.020736910526315835,2025-11-13,30
1629611,Terance Mann,ast,11,0.11541500000000005,0.06681921052631581,2025-11-13,30
1629630,Ja Morant,ast,11,1.3678036000000002,0.7918862947368422,2025-11-13,30
1629656,Quentin Grimes,ast,11,-0.7574906000000001,-0.4385471894736843,2025-11-13,30
1630166,Deni Avdija,ast,11,-0.22339403454938633,-0.12933338842332895,2025-11-13,30
1630171,Isaac Okoro,ast,11,-0.3993612731785996,-0.23120915815603135,2025-11-13,30
1630178,Tyrese Maxey,ast,11,1.39433,0.8072436842105264,2025-11-13,30
1630180,Saddiq Bey,ast,11,-0.1965129000000001,-0.11377062631578953,2025-11-13,30
1630191,Isaiah Stewart,ast,11,-0.7843975999999999,-0.45412492631578943,2025-11-13,30
1630543,Isaiah Jackson,ast,11,-0.8443378,-0.4888271473684211,2025-11-13,30
1630549,Day'Ron Sharpe,ast,11,-0.7011793000000002,-0.4059459105263159,2025-11-13,30
1630572,Sandro Mamukelashvili,ast,11,-0.2299272000000001,-0.13311574736842113,2025-11-13,30
1630578,Alperen Sengun,ast,11,1.8,1.0421052631578949,2025-11-13,30
1630595,Cade Cunningham,ast,11,1.8,1.0421052631578949,2025-11-13,30
1630700,Dyson Daniels,ast,11,1.8,1.0421052631578949,2025-11-13,30
1631106,Tari Eason,ast,11,-1.1908815000000001,-0.6894577105263159,2025-11-13,30
1631213,Tyrese Martin,ast,11,-0.9017382,-0.5220589578947369,2025-11-13,30
1631323,Simone Fontecchio,ast,11,0.12112354999999997,0.07012416052631577,2025-11-13,30
1641705,Victor Wembanyama,ast,11,0.46064039999999995,0.266686547368421,2025-11-13,30
1641709,Ausar Thompson,ast,11,1.2198867999999998,0.7062502526315789,2025-11-13,30
1641718,Keyonte George,ast,11,0.8639825741184781,0.50020043764754,2025-11-13,30
1641739,Toumani Camara,ast,11,0.18053359999999996,0.10451945263157893,2025-11-13,30
1642258,Zaccharie Risacher,ast,11,-1.2399819,-0.7178842578947369,2025-11-13,30
1642264,Stephon Castle,ast,11,1.8,1.0421052631578949,2025-11-13,30
1642271,Kyle Filipowski,ast,11,-0.19328119999999993,-0.11189964210526313,2025-11-13,30
1642349,Ajay Mitchell,ast,11,-0.10551140000000014,-0.06108554736842114,2025-11-13,30
201144,Mike Conley,ast,10,0.21592009999999995,0.11995561111111108,2025-11-13,30
201939,Stephen Curry,ast,10,-0.8157484360715688,-0.453193575595316,2025-11-13,30
202691,Klay Thompson,ast,10,-0.34397610493751996,-0.1910978360764,2025-11-13,30
203114,Khris Middleton,ast,10,-0.14245200000000002,-0.07914000000000002,2025-11-13,30
203500,Steven Adams,ast,10,0.025879922150972456,0.014377734528318031,2025-11-13,30
203501,Tim Hardaway Jr.,ast,10,-0.46945194999999995,-0.2608066388888889,2025-11-13,30
203507,Giannis Antetokounmpo,ast,10,-0.5327449999999998,-0.29596944444444434,2025-11-13,30
203944,Julius Randle,ast,10,0.734188656197545,0.4078825867764139,2025-11-13,30
1626167,Myles Turner,ast,10,0.19344753441482543,0.1074708524526808,2025-11-13,30
1627739,Kris Dunn,ast,10,-0.6625792999999999,-0.36809961111111106,2025-11-13,30
1627783,Pascal Siakam,ast,10,0.3328013500000002,0.184889638888889,2025-11-13,30
1628384,OG Anunoby,ast,10,-0.6954009000000001,-0.38633383333333343,2025-11-13,30
1628404,Josh Hart,ast,10,-0.15365625000000005,-0.08536458333333337,2025-11-13,30
1629048,Goga Bitadze,ast,10,-0.9534968814355468,-0.5297204896864149,2025-11-13,30
1629638,Nickeil Alexander-Walker,ast,10,0.26450315000000013,0.1469461944444445,2025-11-13,30
1629652,Luguentz Dort,ast,10,-0.32118369999999996,-0.17843538888888888,2025-11-13,30
1629661,Cameron Johnson,ast,10,-0.5090668,-0.28281488888888895,2025-11-13,30
1629731,Dean Wade,ast,10,0.10786455,0.059924750000000006,2025-11-13,30
1630174,Aaron Nesmith,ast,10,0.22644565,0.1258031388888889,2025-11-13,30
1630175,Cole Anthony,ast,10,0.5964902000000001,0.3313834444444445,2025-11-13,30
1630245,Ayo Dosunmu,ast,10,-1.267646686389451,-0.7042481591052506,2025-11-13,30
1630533,Ziaire Williams,ast,10,-0.82094542,-0.4560807888888889,2025-11-13,30
1630558,Davion Mitchell,ast,10,1.8,1.0,2025-11-13,30
1630598,Aaron Wiggins,ast,10,-0.30286025000000016,-0.16825569444444455,2025-11-13,30
1631095,Jabari Smith Jr.,ast,10,-0.12886975576896165,-0.07159430876053426,2025-11-13,30
1631221,Collin Gillespie,ast,10,0.6088315999999998,0.3382397777777777,2025-11-13,30
1631222,Jake LaRavia,ast,10,-0.09067934999999994,-0.05037741666666663,2025-11-13,30
1642281,Jaylon Tyson,ast,10,-0.4890144499999999,-0.27167469444444436,2025-11-13,30
1642285,Cam Spencer,ast,10,0.5280199999999999,0.2933444444444444,2025-11-13,30
1642345,Oso Ighodaro,ast,10,-0.6833467,-0.37963705555555555,2025-11-13,30
1642907,Cedric Coward,ast,10,0.35003570000000006,0.19446427777777783,2025-11-13,30
1630172,Patrick Williams,pra,21,-4.5,-3.5,2025-11-13,30
1629675,Naz Reid,pra,18,-2.4399659999999983,-1.8299744999999987,2025-11-13,30
1630581,Josh Giddey,pra,16,3.436080371459175,2.4989675428794,2025-11-13,30
1628983,Shai Gilgeous-Alexander,pra,15,3.0920179999999995,2.2085842857142852,2025-11-13,30
1628991,Jaren Jackson Jr.,pra,15,-1.261654,-0.9011814285714286,2025-11-13,30
1642377,Jaylen Wells,pra,15,-3.1363950000000003,-2.240282142857143,2025-11-13,30
203484,Kentavious Caldwell-Pope,pra,14,-3.8228040000000005,-2.6759628,2025-11-13,30
1627759,Jaylen Brown,pra,14,4.5,3.15,2025-11-13,30
1628392,Isaiah Hartenstein,pra,14,-1.25147153040243,-0.876030071281701,2025-11-13,30
1629060,Rui Hachimura,pra,14,2.876323863977051,2.0134267047839356,2025-11-13,30
1629674,Neemias Queta,pra,14,1.148807500000001,0.8041652500000007,2025-11-13,30
1630202,Payton Pritchard,pra,14,-2.7761348560020007,-1.9432943992014005,2025-11-13,30
1630583,Santi Aldama,pra,14,0.09820750000000089,0.06874525000000062,2025-11-13,30
1641717,Cason Wallace,pra,14,-2.1775,-1.52425,2025-11-13,30
1641764,Brandin Podziemski,pra,14,-4.5,-3.15,2025-11-13,30
201942,DeMar DeRozan,pra,13,-2.6391090000000013,-1.8057061578947378,2025-11-13,30
203110,Draymond Green,pra,13,-1.6623230000000007,-1.1373788947368426,2025-11-13,30
1627741,Buddy Hield,pra,13,-4.5,-3.0789473684210527,2025-11-13,30
1627884,Derrick Jones Jr.,pra,13,-2.9788069999999998,-2.0381311052631577,2025-11-13,30
1628401,Derrick White,pra,13,0.8484200000000008,0.5804978947368427,2025-11-13,30
1628970,Miles Bridges,pra,13,4.5,3.0789473684210527,2025-11-13,30
1628976,Wendell Carter Jr.,pra,13,4.5,3.0789473684210527,2025-11-13,30
1629018,Gary Trent Jr.,pra,13,-2.6700350000000004,-1.8268660526315792,2025-11-13,30
1629023,P.J. Washington,pra,13,0.7301290744885911,0.4995619983342992,2025-11-13,30
1629628,RJ Barrett,pra,13,1.9638652051891228,1.3436972456557157,2025-11-13,30
1630188,Jalen Smith,pra,13,-4.5,-3.0789473684210527,2025-11-13,30
1630228,Jonathan Kuminga,pra,13,-0.7148080691508305,-0.489079205208463,2025-11-13,30
1630532,Franz Wagner,pra,13,2.1642699999999984,1.4808163157894727,2025-11-13,30
1630567,Scottie Barnes,pra,13,2.2066419999999987,1.5098076842105255,2025-11-13,30
1631101,Shaedon Sharpe,pra,13,1.636171000000001,1.1194854210526322,2025-11-13,30
1631105,Jalen Duren,pra,13,4.5,3.0789473684210527,2025-11-13,30
1631108,Max Christie,pra,13,2.50572,1.7144400000000002,2025-11-13,30
1631157,Ryan Rollins,pra,13,1.2327499999999993,0.843460526315789,2025-11-13,30
1631260,AJ Green,pra,13,-0.7622060000000008,-0.5215093684210532,2025-11-13,30
1641710,Anthony Black,pra,13,-4.028113489081122,-2.7560776504239253,2025-11-13,30
1641783,Tristan da Silva,pra,13,-1.6086729999999996,-1.1006709999999997,2025-11-13,30
1641824,Matas Buzelis,pra,13,3.68588777352873,2.521923213467026,2025-11-13,30
1642259,Alex Sarr,pra,13,4.5,3.0789473684210527,2025-11-13,30
1642270,Donovan Clingan,pra,13,1.0063859999999991,0.6885798947368416,2025-11-13,30
1642276,Kel'el Ware,pra,13,2.777348,1.9002907368421054,2025-11-13,30
203084,Harrison Barnes,pra,12,-2.9824400000000004,-1.9882933333333335,2025-11-13,30
203897,Zach LaVine,pra,12,4.436206,2.9574706666666666,2025-11-13,30
203924,Jerami Grant,pra,12,2.50155644127606,1.6677042941840399,2025-11-13,30
203944,Julius Randle,pra,12,4.5,3.0,2025-11-13,30
1626162,Kelly Oubre Jr.,pra,12,3.0586345,2.0390896666666665,2025-11-13,30
1626171,Bobby Portis,pra,12,-4.5,-3.0,2025-11-13,30
1628960,Grayson Allen,pra,12,4.5,3.0,2025-11-13,30
1628973,Jalen Brunson,pra,12,4.5,3.0,2025-11-13,30
1628978,Donte DiVincenzo,pra,12,-0.598415000000001,-0.398943333333334,2025-11-13,30
1629004,Svi Mykhailiuk,pra,12,-1.9939349999999996,-1.3292899999999996,2025-11-13,30
1629028,Deandre Ayton,pra,12,-2.4421559645064637,-1.6281039763376424,2025-11-13,30
1629111,Jock Landale,pra,12,-0.5275070000000008,-0.3516713333333339,2025-11-13,30
1629640,Keldon Johnson,pra,12,-3.463502,-2.3090013333333332,2025-11-13,30
1630166,Deni Avdija,pra,12,0.7741819999999979,0.5161213333333319,2025-11-13,30
1630168,Onyeka Okongwu,pra,12,1.9984339999999996,1.332289333333333,2025-11-13,30
1630170,Devin Vassell,pra,12,0.39662249999999943,0.2644149999999996,2025-11-13,30
1630183,Jaden McDaniels,pra,12,2.620092999999999,1.746728666666666,2025-11-13,30
1630193,Immanuel Quickley,pra,12,0.5718019999999999,0.3812013333333333,2025-11-13,30
1630200,Tre Jones,pra,12,-2.9023425000000014,-1.934895000000001,2025-11-13,30
1630217,Desmond Bane,pra,12,-2.8067195,-1.8711463333333331,2025-11-13,30
1630230,Naji Marshall,pra,12,-3.956461000000001,-2.637640666666667,2025-11-13,30
1630558,Davion Mitchell,pra,12,-4.031414,-2.687609333333333,2025-11-13,30
1630573,Sam Hauser,pra,12,-4.5,-3.0,2025-11-13,30
1630577,Julian Champagnie,pra,12,-0.8976240000000004,-0.5984160000000003,2025-11-13,30
1630596,Evan Mobley,pra,12,4.261249000000001,2.8408326666666674,2025-11-13,30
1630700,Dyson Daniels,pra,12,-3.716945,-2.4779633333333333,2025-11-13,30
1631094,Paolo Banchero,pra,12,4.5,3.0,2025-11-13,30
1631170,Jaime Jaquez Jr.,pra,12,3.5761155000000002,2.384077,2025-11-13,30
1641709,Ausar Thompson,pra,12,-1.542305055774337,-1.0282033705162246,2025-11-13,30
1641718,Keyonte George,pra,12,1.241168,0.8274453333333334,2025-11-13,30
1641730,Noah Clowney,pra,12,-0.2880395,-0.19202633333333333,2025-11-13,30
1642264,Stephon Castle,pra,12,1.1344919999999998,0.7563279999999999,2025-11-13,30
1642346,Ryan Dunn,pra,12,-4.02982,-2.6865466666666666,2025-11-13,30
1642347,Jamal Shead,pra,12,-4.5,-3.0,2025-11-13,30
1642349,Ajay Mitchell,pra,12,-2.765848,-1.8438986666666666,2025-11-13,30
201572,Brook Lopez,pra,11,-4.5,-2.9117647058823533,2025-11-13,30
202710,Jimmy Butler III,pra,11,2.479095000000001,1.6041202941176478,2025-11-13,30
203468,CJ McCollum,pra,11,-3.5678219999999996,-2.3085907058823527,2025-11-13,30
203497,Rudy Gobert,pra,11,-0.28130000000000166,-0.18201764705882462,2025-11-13,30
203903,Jordan Clarkson,pra,11,-4.5,-2.9117647058823533,2025-11-13,30
203952,Andrew Wiggins,pra,11,1.7415200000000013,1.126865882352942,2025-11-13,30
1626164,Devin Booker,pra,11,4.5,2.9117647058823533,2025-11-13,30
1626220,Royce O'Neale,pra,11,4.5,2.9117647058823533,2025-11-13,30
1627739,Kris Dunn,pra,11,-4.5,-2.9117647058823533,2025-11-13,30
1627742,Brandon Ingram,pra,11,2.6696300000000015,1.7274076470588247,2025-11-13,30
1627750,Jamal Murray,pra,11,2.4336969999999987,1.574745117647058,2025-11-13,30
1627783,Pascal Siakam,pra,11,4.052064999999999,2.6219244117647054,2025-11-13,30
1627826,Ivica Zubac,pra,11,-0.08284000000000091,-0.053602352941177066,2025-11-13,30
1628374,Lauri Markkanen,pra,11,4.5,2.9117647058823533,2025-11-13,30
1628384,OG Anunoby,pra,11,3.1551110000000016,2.041542411764707,2025-11-13,30
1628386,Jarrett Allen,pra,11,4.5,2.9117647058823533,2025-11-13,30
1628398,Kyle Kuzma,pra,11,-0.22008900000000153,-0.1424105294117657,2025-11-13,30
1628969,Mikal Bridges,pra,11,1.8417850000000016,1.1917432352941186,2025-11-13,30
1628989,Kevin Huerter,pra,11,-2.153293999999999,-1.3933078823529406,2025-11-13,30
1629020,Jarred Vanderbilt,pra,11,-1.7181899999999999,-1.11177,2025-11-13,30
1629611,Terance Mann,pra,11,-4.5,-2.9117647058823533,2025-11-13,30
1629656,Quentin Grimes,pra,11,-1.6241650000000014,-1.050930294117648,2025-11-13,30
1630171,Isaac Okoro,pra,11,-3.607608000000001,-2.334334588235295,2025-11-13,30
1630175,Cole Anthony,pra,11,-4.5,-2.9117647058823533,2025-11-13,30
1630178,Tyrese Maxey,pra,11,4.5,2.9117647058823533,2025-11-13,30
1630530,Trey Murphy III,pra,11,4.5,2.9117647058823533,2025-11-13,30
1630543,Isaiah Jackson,pra,11,-4.17534,-2.7016905882352944,2025-11-13,30
1630572,Sandro Mamukelashvili,pra,11,-2.192817999999999,-1.418882235294117,2025-11-13,30
1631106,Tari Eason,pra,11,-0.9071460000000009,-0.5869768235294124,2025-11-13,30
1631128,Christian Braun,pra,11,-4.012606000000002,-2.59639211764706,2025-11-13,30
1631213,Tyrese Martin,pra,11,-4.5,-2.9117647058823533,2025-11-13,30
1631221,Collin Gillespie,pra,11,-3.226412,-2.0876783529411767,2025-11-13,30
1631323,Simone Fontecchio,pra,11,0.16878099999999918,0.10921123529411712,2025-11-13,30
1641739,Toumani Camara,pra,11,2.260769,1.4628505294117646,2025-11-13,30
1642263,Reed Sheppard,pra,11,-2.3187669999999994,-1.5003786470588232,2025-11-13,30
1642271,Kyle Filipowski,pra,11,-4.5,-2.9117647058823533,2025-11-13,30
201144,Mike Conley,pra,10,-4.5,-2.8125,2025-11-13,30
201939,Stephen Curry,pra,10,1.8782221484372084,1.1738888427732552,2025-11-13,30
201950,Jrue Holiday,pra,10,4.5,2.8125,2025-11-13,30
202691,Klay Thompson,pra,10,-1.8900745000000008,-1.1812965625000005,2025-11-13,30
203500,Steven Adams,pra,10,-2.719361000000001,-1.6996006250000006,2025-11-13,30
203501,Tim Hardaway Jr.,pra,10,-3.3949940064203457,-2.1218712540127163,2025-11-13,30
203932,Aaron Gordon,pra,10,-3.509898888659194,-2.1936868054119962,2025-11-13,30
203935,Marcus Smart,pra,10,-2.5370410000000003,-1.5856506250000002,2025-11-13,30
1626157,Karl-Anthony Towns,pra,10,4.010763500000001,2.506727187500001,2025-11-13,30
1626167,Myles Turner,pra,10,2.8936987803955088,1.808561737747193,2025-11-13,30
1628378,Donovan Mitchell,pra,10,4.5,2.8125,2025-11-13,30
1628381,John Collins,pra,10,-4.5,-2.8125,2025-11-13,30
1628404,Josh Hart,pra,10,-4.5,-2.8125,2025-11-13,30
1629048,Goga Bitadze,pra,10,-3.6775885000000006,-2.2984928125,2025-11-13,30
1629630,Ja Morant,pra,10,-1.1318275000000018,-0.7073921875000011,2025-11-13,30
1629638,Nickeil Alexander-Walker,pra,10,1.0977084999999995,0.6860678124999997,2025-11-13,30
1629652,Luguentz Dort,pra,10,-3.053443740793316,-1.9084023379958226,2025-11-13,30
1629661,Cameron Johnson,pra,10,-4.5,-2.8125,2025-11-13,30
1629731,Dean Wade,pra,10,-3.4327170000000002,-2.145448125,2025-11-13,30
1630180,Saddiq Bey,pra,10,-2.1780785,-1.3612990624999999,2025-11-13,30
1630191,Isaiah Stewart,pra,10,-4.5,-2.8125,2025-11-13,30
1630245,Ayo Dosunmu,pra,10,-1.9106611622031444,-1.1941632263769653,2025-11-13,30
1630533,Ziaire Williams,pra,10,-3.4751035000000003,-2.1719396875,2025-11-13,30
1630549,Day'Ron Sharpe,pra,10,-4.5,-2.8125,2025-11-13,30
1630552,Jalen Johnson,pra,10,4.5,2.8125,2025-11-13,30
1630578,Alperen Sengun,pra,10,1.341145000000001,0.8382156250000006,2025-11-13,30
1630595,Cade Cunningham,pra,10,-1.3496965000000003,-0.8435603125000002,2025-11-13,30
1630598,Aaron Wiggins,pra,10,-3.615698,-2.2598112500000003,2025-11-13,30
1631095,Jabari Smith Jr.,pra,10,3.253234000000001,2.0332712500000003,2025-11-13,30
1631109,Mark Williams,pra,10,-4.5,-2.8125,2025-11-13,30
1631222,Jake LaRavia,pra,10,-4.5,-2.8125,2025-11-13,30
1641708,Amen Thompson,pra,10,1.6243733153534539,1.0152333220959087,2025-11-13,30
1642258,Zaccharie Risacher,pra,10,0.498977,0.311860625,2025-11-13,30
1642273,Kyshawn George,pra,10,1.8694197269287098,1.1683873293304436,2025-11-13,30
1642281,Jaylon Tyson,pra,10,0.33390923542459205,0.20869327214037003,2025-11-13,30
1642285,Cam Spencer,pra,10,-3.0915170000000005,-1.9321981250000002,2025-11-13,30
1642907,Cedric Coward,pra,10,0.42037550000000046,0.2627346875000003,2025-11-13,30
201142,Kevin Durant,pra,9,-0.468119999999999,-0.2808719999999994,2025-11-13,30
201587,Nicolas Batum,pra,9,-3.8743929999999995,-2.3246358,2025-11-13,30
201935,James Harden,pra,9,1.6945759999999979,1.0167455999999986,2025-11-13,30
203114,Khris Middleton,pra,9,-3.0930370923972763,-1.8558222554383657,2025-11-13,30
203507,Giannis Antetokounmpo,pra,9,3.3552469999999985,2.013148199999999,2025-11-13,30
1628971,Bruce Brown,pra,9,-4.5,-2.6999999999999997,2025-11-13,30
1629012,Collin Sexton,pra,9,-4.5,-2.6999999999999997,2025-11-13,30
1629014,Anfernee Simons,pra,9,-0.7711979999999983,-0.46271879999999893,2025-11-13,30
1630174,Aaron Nesmith,pra,9,0.8914679999999997,0.5348807999999998,2025-11-13,30
1630560,Cam Thomas,pra,9,-1.4799079999999982,-0.8879447999999989,2025-11-13,30
1630631,Jose Alvarado,pra,9,-4.5,-2.6999999999999997,2025-11-13,30
1641705,Victor Wembanyama,pra,9,4.051193000000001,2.4307158000000006,2025-11-13,30
1641707,Taylor Hendricks,pra,9,-4.5,-2.6999999999999997,2025-11-13,30
1641716,Jarace Walker,pra,9,-2.541509999999999,-1.5249059999999992,2025-11-13,30
1641767,Ben Sheppard,pra,9,-0.9020194999999998,-0.5412116999999999,2025-11-13,30
1641796,Pelle Larsson,pra,9,-3.8049809999999997,-2.2829886,2025-11-13,30
1642345,Oso Ighodaro,pra,9,-4.5,-2.6999999999999997,2025-11-13,30
1642845,VJ Edgecombe,pra,9,-2.0521470000000015,-1.231288200000001,2025-11-13,30
1642846,Ace Bailey,pra,9,-1.9854410000000016,-1.191264600000001,2025-11-13,30
203083,Andre Drummond,pra,8,-4.5,-2.571428571428571,2025-11-13,30
1626156,D'Angelo Russell,pra,8,-4.5,-2.571428571428571,2025-11-13,30
1628379,Luke Kennard,pra,8,-1.1677445000000004,-0.6672825714285716,2025-11-13,30
1628389,Bam Adebayo,pra,8,4.5,2.571428571428571,2025-11-13,30
1629006,Josh Okogie,pra,8,-4.5,-2.571428571428571,2025-11-13,30
1629013,Landry Shamet,pra,8,-3.9701547500000007,-2.2686598571428576,2025-11-13,30
1629130,Duncan Robinson,pra,8,1.1103565,0.6344894285714285,2025-11-13,30
1629673,Jordan Poole,pra,8,-0.31491139081081343,-0.17994936617760765,2025-11-13,30
1630534,Ochai Agbaji,pra,8,-4.5,-2.571428571428571,2025-11-13,30
1630591,Jalen Suggs,pra,8,-2.127656,-1.2158034285714285,2025-11-13,30
1631169,Josh Minott,pra,8,-1.2742109999999993,-0.728120571428571,2025-11-13,30
1641711,Gradey Dick,pra,8,-2.1229689999999994,-1.2131251428571426,2025-11-13,30
1641722,Jordan Hawkins,pra,8,-4.5,-2.571428571428571,2025-11-13,30
1641750,Ryan Kalkbrenner,pra,8,-3.3293659999999985,-1.9024948571428562,2025-11-13,30
1642261,Dalton Knecht,pra,8,-2.566886729592035,-1.4667924169097342,2025-11-13,30
1642383,Walter Clayton Jr.,pra,8,-4.5,-2.571428571428571,2025-11-13,30
1642843,Cooper Flagg,pra,8,4.1897459999999995,2.394140571428571,2025-11-13,30
1642847,Jeremiah Fears,pra,8,-3.3640762246355322,-1.922329271220304,2025-11-13,30
1642848,Tre Johnson,pra,8,-3.4387190000000007,-1.964982285714286,2025-11-13,30
1642852,Derik Queen,pra,8,-4.5,-2.571428571428571,2025-11-13,30
1642883,Sion James,pra,8,-4.5,-2.571428571428571,2025-11-13,30
201566,Russell Westbrook,pra,7,4.5,2.423076923076923,2025-11-13,30
1626181,Norman Powell,pra,7,4.5,2.423076923076923,2025-11-13,30
1627751,Jakob Poeltl,pra,7,-4.5,-2.423076923076923,2025-11-13,30
1627752,Taurean Prince,pra,7,-4.5,-2.423076923076923,2025-11-13,30
1628370,Malik Monk,pra,7,-4.5,-2.423076923076923,2025-11-13,30
1630163,LaMelo Ball,pra,7,0.908768000000002,0.4893366153846164,2025-11-13,30
1630541,Moses Moody,pra,7,-3.9546539999999997,-2.129429076923077,2025-11-13,30
1630544,Tre Mann,pra,7,-4.5,-2.423076923076923,2025-11-13,30
1630545,Terrence Shannon Jr.,pra,7,-4.5,-2.423076923076923,2025-11-13,30
1630557,Corey Kispert,pra,7,1.6501669999999997,0.8885514615384613,2025-11-13,30
1630559,Austin Reaves,pra,7,4.5,2.423076923076923,2025-11-13,30
1631165,Keon Ellis,pra,7,-4.5,-2.423076923076923,2025-11-13,30
1631200,Kris Murray,pra,7,-4.5,-2.423076923076923,2025-11-13,30
1641729,Brice Sensabaugh,pra,7,-4.5,-2.423076923076923,2025-11-13,30
1641854,Craig Porter Jr.,pra,7,-4.5,-2.423076923076923,2025-11-13,30
1642366,Quinten Post,pra,7,2.0664973,1.1127293153846154,2025-11-13,30
1642851,Kon Knueppel,pra,7,4.5,2.423076923076923,2025-11-13,30
202695,Kawhi Leonard,pra,6,2.6866235000000014,1.3433117500000007,2025-11-13,30
202696,Nikola Vučević,pra,6,1.4273277505766053,0.7136638752883027,2025-11-13,30
203076,Anthony Davis,pra,6,4.5,2.25,2025-11-13,30
1628366,Lonzo Ball,pra,6,-4.0987515000000005,-2.0493757500000003,2025-11-13,30
1628963,Marvin Bagley III,pra,6,-4.5,-2.25,2025-11-13,30
1629723,John Konchar,pra,6,-2.5647634113723026,-1.2823817056861513,2025-11-13,30
1630529,Herbert Jones,pra,6,-2.0064578128928368,-1.0032289064464184,2025-11-13,30
1630811,Keaton Wallace,pra,6,-4.5,-2.25,2025-11-13,30
1631104,Blake Wesley,pra,6,-2.9689714999999994,-1.4844857499999997,2025-11-13,30
1631117,Walker Kessler,pra,6,4.5,2.25,2025-11-13,30
1631172,Ousmane Dieng,pra,6,-4.5,-2.25,2025-11-13,30
1631212,Peyton Watson,pra,6,-2.7073519999999993,-1.3536759999999997,2025-11-13,30
1631217,Moussa Diabaté,pra,6,4.004569,2.0022845,2025-11-13,30
1641737,Adem Bona,pra,6,-4.5,-2.25,2025-11-13,30
1641740,Jaylen Clark,pra,6,4.477327750000001,2.2386638750000003,2025-11-13,30
1630172,Patrick Williams,pts,21,-2.9667239999999993,-2.3074519999999996,2025-11-13,30
1629675,Naz Reid,pts,18,-0.9692500000000006,-0.7269375000000005,2025-11-13,30
1630581,Josh Giddey,pts,18,1.4112895000000005,1.0584671250000004,2025-11-13,30
1628983,Shai Gilgeous-Alexander,pts,15,1.6470969999999987,1.1764978571428562,2025-11-13,30
1628991,Jaren Jackson Jr.,pts,15,0.28849599999999853,0.20606857142857038,2025-11-13,30
1642377,Jaylen Wells,pts,15,0.988956,0.7063971428571428,2025-11-13,30
203484,Kentavious Caldwell-Pope,pts,14,-2.7419862999999998,-1.9193904099999997,2025-11-13,30
1628392,Isaiah Hartenstein,pts,14,-3.0,-2.0999999999999996,2025-11-13,30
1629060,Rui Hachimura,pts,14,3.0,2.0999999999999996,2025-11-13,30
1629674,Neemias Queta,pts,14,-1.0350358500000003,-0.7245250950000002,2025-11-13,30
1630202,Payton Pritchard,pts,14,-0.5205250000000001,-0.36436750000000007,2025-11-13,30
1630583,Santi Aldama,pts,14,-1.193517,-0.8354618999999999,2025-11-13,30
1641717,Cason Wallace,pts,14,-1.8998361438699334,-1.3298853007089533,2025-11-13,30
203110,Draymond Green,pts,13,-3.0,-2.0526315789473686,2025-11-13,30
1627741,Buddy Hield,pts,13,-3.0,-2.0526315789473686,2025-11-13,30
1627884,Derrick Jones Jr.,pts,13,-1.2637710000000002,-0.8646854210526317,2025-11-13,30
1628401,Derrick White,pts,13,0.5479889999999994,0.37493984210526277,2025-11-13,30
1628970,Miles Bridges,pts,13,3.0,2.0526315789473686,2025-11-13,30
1628976,Wendell Carter Jr.,pts,13,2.4908695000000005,1.7042791315789478,2025-11-13,30
1629018,Gary Trent Jr.,pts,13,-2.3373480000000004,-1.5992381052631581,2025-11-13,30
1629023,P.J. Washington,pts,13,1.5424959999999999,1.0553919999999999,2025-11-13,30
1629628,RJ Barrett,pts,13,3.0,2.0526315789473686,2025-11-13,30
1630188,Jalen Smith,pts,13,-1.9059810000000006,-1.3040922631578953,2025-11-13,30
1630193,Immanuel Quickley,pts,13,-1.1901700000000002,-0.8143268421052633,2025-11-13,30
1630228,Jonathan Kuminga,pts,13,-0.02891999999999939,-0.019787368421052214,2025-11-13,30
1630532,Franz Wagner,pts,13,3.0,2.0526315789473686,2025-11-13,30
1630567,Scottie Barnes,pts,13,2.835837999999999,1.940310210526315,2025-11-13,30
1631094,Paolo Banchero,pts,13,-0.6849600000000002,-0.4686568421052633,2025-11-13,30
1631105,Jalen Duren,pts,13,3.0,2.0526315789473686,2025-11-13,30
1631108,Max Christie,pts,13,-0.32945699999999967,-0.22541794736842083,2025-11-13,30
1631260,AJ Green,pts,13,-0.2926310000000001,-0.20022121052631586,2025-11-13,30
1641710,Anthony Black,pts,13,-1.0000186016481898,-0.6842232537592877,2025-11-13,30
1641783,Tristan da Silva,pts,13,-0.21921454397833706,-0.14998889851149377,2025-11-13,30
1641824,Matas Buzelis,pts,13,3.0,2.0526315789473686,2025-11-13,30
1642259,Alex Sarr,pts,13,2.4335269999999998,1.6650447894736842,2025-11-13,30
1642270,Donovan Clingan,pts,13,-0.26079900000000045,-0.1784414210526319,2025-11-13,30
1642276,Kel'el Ware,pts,13,1.4565780000000004,0.9966060000000003,2025-11-13,30
201942,DeMar DeRozan,pts,12,1.449603999999999,0.966402666666666,2025-11-13,30
203084,Harrison Barnes,pts,12,-1.2188540364142524,-0.8125693576095016,2025-11-13,30
203897,Zach LaVine,pts,12,3.0,2.0,2025-11-13,30
203944,Julius Randle,pts,12,3.0,2.0,2025-11-13,30
1626164,Devin Booker,pts,12,3.0,2.0,2025-11-13,30
1626171,Bobby Portis,pts,12,-2.9982999999999995,-1.9988666666666663,2025-11-13,30
1626220,Royce O'Neale,pts,12,2.0252929999999996,1.350195333333333,2025-11-13,30
1627759,Jaylen Brown,pts,12,3.0,2.0,2025-11-13,30
1628969,Mikal Bridges,pts,12,2.1662790000000003,1.4441860000000002,2025-11-13,30
1628973,Jalen Brunson,pts,12,3.0,2.0,2025-11-13,30
1628978,Donte DiVincenzo,pts,12,1.0036244250359783,0.6690829500239854,2025-11-13,30
1629028,Deandre Ayton,pts,12,-1.3257469999999998,-0.8838313333333332,2025-11-13,30
1629111,Jock Landale,pts,12,0.3926689999999997,0.26177933333333314,2025-11-13,30
1629640,Keldon Johnson,pts,12,-2.6259509999999997,-1.7506339999999998,2025-11-13,30
1630166,Deni Avdija,pts,12,2.6742430306260854,1.7828286870840568,2025-11-13,30
1630168,Onyeka Okongwu,pts,12,1.9025815000000001,1.2683876666666667,2025-11-13,30
1630170,Devin Vassell,pts,12,1.4280925,0.9520616666666666,2025-11-13,30
1630183,Jaden McDaniels,pts,12,2.1119760000000003,1.4079840000000001,2025-11-13,30
1630200,Tre Jones,pts,12,-3.0,-2.0,2025-11-13,30
1630217,Desmond Bane,pts,12,-3.0,-2.0,2025-11-13,30
1630230,Naji Marshall,pts,12,-3.0,-2.0,2025-11-13,30
1630530,Trey Murphy III,pts,12,3.0,2.0,2025-11-13,30
1630558,Davion Mitchell,pts,12,-3.0,-2.0,2025-11-13,30
1630573,Sam Hauser,pts,12,-2.91435185,-1.9429012333333333,2025-11-13,30
1630577,Julian Champagnie,pts,12,-1.211538,-0.807692,2025-11-13,30
1630595,Cade Cunningham,pts,12,-1.3384780000000003,-0.8923186666666668,2025-11-13,30
1630596,Evan Mobley,pts,12,3.0,2.0,2025-11-13,30
1630700,Dyson Daniels,pts,12,-3.0,-2.0,2025-11-13,30
1631101,Shaedon Sharpe,pts,12,1.7806620000000004,1.1871080000000003,2025-11-13,30
1631157,Ryan Rollins,pts,12,1.844208705220022,1.2294724701466813,2025-11-13,30
1641709,Ausar Thompson,pts,12,-1.5964469999999995,-1.0642979999999995,2025-11-13,30
1641730,Noah Clowney,pts,12,-1.0790755,-0.7193836666666666,2025-11-13,30
1641764,Brandin Podziemski,pts,12,-3.0,-2.0,2025-11-13,30
1642264,Stephon Castle,pts,12,-1.4826352894897443,-0.9884235263264962,2025-11-13,30
1642346,Ryan Dunn,pts,12,-3.0,-2.0,2025-11-13,30
1642347,Jamal Shead,pts,12,-3.0,-2.0,2025-11-13,30
1642349,Ajay Mitchell,pts,12,1.2678979999999997,0.8452653333333331,2025-11-13,30
201572,Brook Lopez,pts,11,-3.0,-1.9411764705882355,2025-11-13,30
202710,Jimmy Butler III,pts,11,1.8252099999999984,1.1810182352941168,2025-11-13,30
203468,CJ McCollum,pts,11,-1.8478840000000005,-1.1956896470588239,2025-11-13,30
203497,Rudy Gobert,pts,11,-0.0415220000000005,-0.02686717647058856,2025-11-13,30
203903,Jordan Clarkson,pts,11,-3.0,-1.9411764705882355,2025-11-13,30
203924,Jerami Grant,pts,11,1.6761279999999985,1.0845534117647049,2025-11-13,30
203952,Andrew Wiggins,pts,11,1.534749999999999,0.9930735294117641,2025-11-13,30
1626162,Kelly Oubre Jr.,pts,11,2.1900440000000003,1.4170872941176473,2025-11-13,30
1627739,Kris Dunn,pts,11,-3.0,-1.9411764705882355,2025-11-13,30
1627742,Brandon Ingram,pts,11,2.0024200000000008,1.2956835294117652,2025-11-13,30
1627826,Ivica Zubac,pts,11,-0.7705229722218245,-0.4985736879082394,2025-11-13,30
1628384,OG Anunoby,pts,11,1.0191289999999995,0.6594364117647056,2025-11-13,30
1628386,Jarrett Allen,pts,11,2.9869090000000007,1.9327058235294123,2025-11-13,30
1628398,Kyle Kuzma,pts,11,-2.198340999999999,-1.4224559411764701,2025-11-13,30
1628960,Grayson Allen,pts,11,2.954618999999999,1.9118122941176467,2025-11-13,30
1628989,Kevin Huerter,pts,11,-1.3701860000000003,-0.8865909411764709,2025-11-13,30
1629004,Svi Mykhailiuk,pts,11,-0.6244949999999996,-0.40408499999999975,2025-11-13,30
1629020,Jarred Vanderbilt,pts,11,-2.7236079999999996,-1.7623345882352939,2025-11-13,30
1629656,Quentin Grimes,pts,11,3.0,1.9411764705882355,2025-11-13,30
1630171,Isaac Okoro,pts,11,-1.6526809999999994,-1.0693818235294115,2025-11-13,30
1630180,Saddiq Bey,pts,11,-0.22153503095559657,-0.14334619650068015,2025-11-13,30
1630191,Isaiah Stewart,pts,11,-2.1254544573142446,-1.3752940606150996,2025-11-13,30
1630543,Isaiah Jackson,pts,11,-2.7507090000000005,-1.7798705294117652,2025-11-13,30
1630572,Sandro Mamukelashvili,pts,11,-1.937913,-1.253943705882353,2025-11-13,30
1630598,Aaron Wiggins,pts,11,-2.5162750000000003,-1.6281779411764707,2025-11-13,30
1631106,Tari Eason,pts,11,-0.9545390000000005,-0.6176428823529415,2025-11-13,30
1631128,Christian Braun,pts,11,-3.0,-1.9411764705882355,2025-11-13,30
1631170,Jaime Jaquez Jr.,pts,11,3.0,1.9411764705882355,2025-11-13,30
1631213,Tyrese Martin,pts,11,-3.0,-1.9411764705882355,2025-11-13,30
1631323,Simone Fontecchio,pts,11,1.8783069999999995,1.2153751176470586,2025-11-13,30
1641718,Keyonte George,pts,11,3.0,1.9411764705882355,2025-11-13,30
1641739,Toumani Camara,pts,11,1.0798629999999996,0.6987348823529409,2025-11-13,30
1642258,Zaccharie Risacher,pts,11,1.9284949999999998,1.247849705882353,2025-11-13,30
1642263,Reed Sheppard,pts,11,0.5808289999999996,0.3758305294117645,2025-11-13,30
1642271,Kyle Filipowski,pts,11,-3.0,-1.9411764705882355,2025-11-13,30
1642273,Kyshawn George,pts,11,-0.9206310000000002,-0.5957024117647061,2025-11-13,30
201144,Mike Conley,pts,10,-3.0,-1.875,2025-11-13,30
201935,James Harden,pts,10,2.5137680000000007,1.5711050000000004,2025-11-13,30
201939,Stephen Curry,pts,10,3.0,1.875,2025-11-13,30
201950,Jrue Holiday,pts,10,3.0,1.875,2025-11-13,30
202691,Klay Thompson,pts,10,-1.0195225000000008,-0.6372015625000005,2025-11-13,30
203114,Khris Middleton,pts,10,-3.0,-1.875,2025-11-13,30
203500,Steven Adams,pts,10,-3.0,-1.875,2025-11-13,30
203501,Tim Hardaway Jr.,pts,10,-1.9814601189013787,-1.2384125743133616,2025-11-13,30
203932,Aaron Gordon,pts,10,0.04347583430108237,0.027172396438176483,2025-11-13,30
203935,Marcus Smart,pts,10,-2.924042,-1.82752625,2025-11-13,30
1626157,Karl-Anthony Towns,pts,10,1.8993104999999995,1.1870690624999995,2025-11-13,30
1626167,Myles Turner,pts,10,1.8032857080993656,1.1270535675621036,2025-11-13,30
1627750,Jamal Murray,pts,10,-0.7484700000000011,-0.4677937500000007,2025-11-13,30
1627783,Pascal Siakam,pts,10,3.0,1.875,2025-11-13,30
1628378,Donovan Mitchell,pts,10,3.0,1.875,2025-11-13,30
1628381,John Collins,pts,10,-3.0,-1.875,2025-11-13,30
1628404,Josh Hart,pts,10,-3.0,-1.875,2025-11-13,30
1629048,Goga Bitadze,pts,10,-3.0,-1.875,2025-11-13,30
1629611,Terance Mann,pts,10,-1.943327,-1.214579375,2025-11-13,30
1629638,Nickeil Alexander-Walker,pts,10,2.877300999999999,1.7983131249999995,2025-11-13,30
1629652,Luguentz Dort,pts,10,-2.7580475,-1.7237796875,2025-11-13,30
1629661,Cameron Johnson,pts,10,-3.0,-1.875,2025-11-13,30
1629731,Dean Wade,pts,10,-1.83511515,-1.14694696875,2025-11-13,30
1630175,Cole Anthony,pts,10,-3.0,-1.875,2025-11-13,30
1630245,Ayo Dosunmu,pts,10,0.3865162377808007,0.24157264861300043,2025-11-13,30
1630533,Ziaire Williams,pts,10,-1.1448185000000004,-0.7155115625000003,2025-11-13,30
1630549,Day'Ron Sharpe,pts,10,-2.8979369999999998,-1.8112106249999997,2025-11-13,30
1630552,Jalen Johnson,pts,10,1.1702994999999987,0.7314371874999992,2025-11-13,30
1630578,Alperen Sengun,pts,10,-0.5921605000000003,-0.3701003125000002,2025-11-13,30
1631095,Jabari Smith Jr.,pts,10,3.0,1.875,2025-11-13,30
1631221,Collin Gillespie,pts,10,-1.7248309999999991,-1.0780193749999993,2025-11-13,30
1641705,Victor Wembanyama,pts,10,3.0,1.875,2025-11-13,30
1641708,Amen Thompson,pts,10,-0.9811565000000009,-0.6132228125000005,2025-11-13,30
1642281,Jaylon Tyson,pts,10,-0.5507097706518147,-0.3441936066573842,2025-11-13,30
1642285,Cam Spencer,pts,10,-1.3465015000000005,-0.8415634375000003,2025-11-13,30
1642345,Oso Ighodaro,pts,10,-3.0,-1.875,2025-11-13,30
1642907,Cedric Coward,pts,10,-2.0977125,-1.3110703125,2025-11-13,30
201142,Kevin Durant,pts,9,1.4022700000000015,0.8413620000000008,2025-11-13,30
201587,Nicolas Batum,pts,9,-2.2759110000000007,-1.3655466000000003,2025-11-13,30
203507,Giannis Antetokounmpo,pts,9,3.0,1.7999999999999998,2025-11-13,30
1626156,D'Angelo Russell,pts,9,-3.0,-1.7999999999999998,2025-11-13,30
1628374,Lauri Markkanen,pts,9,3.0,1.7999999999999998,2025-11-13,30
1628389,Bam Adebayo,pts,9,3.0,1.7999999999999998,2025-11-13,30
1628971,Bruce Brown,pts,9,-3.0,-1.7999999999999998,2025-11-13,30
1629012,Collin Sexton,pts,9,-3.0,-1.7999999999999998,2025-11-13,30
1629014,Anfernee Simons,pts,9,2.5387950000000004,1.5232770000000002,2025-11-13,30
1629630,Ja Morant,pts,9,-3.0,-1.7999999999999998,2025-11-13,30
1630174,Aaron Nesmith,pts,9,2.4864669999999993,1.4918801999999995,2025-11-13,30
1630178,Tyrese Maxey,pts,9,3.0,1.7999999999999998,2025-11-13,30
1630631,Jose Alvarado,pts,9,-3.0,-1.7999999999999998,2025-11-13,30
1631109,Mark Williams,pts,9,-0.5889299999999995,-0.3533579999999997,2025-11-13,30
1631169,Josh Minott,pts,9,-2.8447695,-1.7068617,2025-11-13,30
1631222,Jake LaRavia,pts,9,-3.0,-1.7999999999999998,2025-11-13,30
1641707,Taylor Hendricks,pts,9,-3.0,-1.7999999999999998,2025-11-13,30
1641716,Jarace Walker,pts,9,0.9688649999999992,0.5813189999999995,2025-11-13,30
1641767,Ben Sheppard,pts,9,-2.45669,-1.474014,2025-11-13,30
1641796,Pelle Larsson,pts,9,-3.0,-1.7999999999999998,2025-11-13,30
1642845,VJ Edgecombe,pts,9,-1.0843934999999991,-0.6506360999999995,2025-11-13,30
1642846,Ace Bailey,pts,9,-3.0,-1.7999999999999998,2025-11-13,30
203083,Andre Drummond,pts,8,-1.9923424999999995,-1.1384814285714282,2025-11-13,30
1628379,Luke Kennard,pts,8,-0.5338275500000003,-0.30504431428571444,2025-11-13,30
1629013,Landry Shamet,pts,8,-1.4094644999999995,-0.8054082857142854,2025-11-13,30
1630534,Ochai Agbaji,pts,8,-3.0,-1.7142857142857142,2025-11-13,30
1630557,Corey Kispert,pts,8,0.08734100000000034,0.04990914285714305,2025-11-13,30
1630560,Cam Thomas,pts,8,3.0,1.7142857142857142,2025-11-13,30
1630591,Jalen Suggs,pts,8,-2.9089869999999998,-1.6622782857142855,2025-11-13,30
1641711,Gradey Dick,pts,8,-1.5545105000000001,-0.8882917142857143,2025-11-13,30
1641722,Jordan Hawkins,pts,8,-3.0,-1.7142857142857142,2025-11-13,30
1641750,Ryan Kalkbrenner,pts,8,-0.561979,-0.3211308571428571,2025-11-13,30
1642261,Dalton Knecht,pts,8,-1.8830835278952867,-1.076047730225878,2025-11-13,30
1642383,Walter Clayton Jr.,pts,8,-3.0,-1.7142857142857142,2025-11-13,30
1642843,Cooper Flagg,pts,8,1.8257665000000003,1.0432951428571429,2025-11-13,30
1642848,Tre Johnson,pts,8,-3.0,-1.7142857142857142,2025-11-13,30
1642852,Derik Queen,pts,8,-3.0,-1.7142857142857142,2025-11-13,30
1642883,Sion James,pts,8,-2.94186233013044,-1.6810641886459656,2025-11-13,30
201566,Russell Westbrook,pts,7,0.3980130000000006,0.21431469230769262,2025-11-13,30
1626181,Norman Powell,pts,7,3.0,1.6153846153846154,2025-11-13,30
1627751,Jakob Poeltl,pts,7,-3.0,-1.6153846153846154,2025-11-13,30
1627752,Taurean Prince,pts,7,-3.0,-1.6153846153846154,2025-11-13,30
1628370,Malik Monk,pts,7,-0.7254520000000007,-0.3906280000000003,2025-11-13,30
1629006,Josh Okogie,pts,7,-3.0,-1.6153846153846154,2025-11-13,30
1629130,Duncan Robinson,pts,7,-1.3516390000000005,-0.7278056153846156,2025-11-13,30
1629673,Jordan Poole,pts,7,-0.5552920000000015,-0.2990033846153854,2025-11-13,30
1630163,LaMelo Ball,pts,7,0.007871999999998991,0.004238769230768687,2025-11-13,30
1630544,Tre Mann,pts,7,-2.9879180000000005,-1.6088789230769234,2025-11-13,30
1630545,Terrence Shannon Jr.,pts,7,-1.5068736,-0.811393476923077,2025-11-13,30
1630559,Austin Reaves,pts,7,3.0,1.6153846153846154,2025-11-13,30
1631165,Keon Ellis,pts,7,-3.0,-1.6153846153846154,2025-11-13,30
1631200,Kris Murray,pts,7,-3.0,-1.6153846153846154,2025-11-13,30
1641729,Brice Sensabaugh,pts,7,-3.0,-1.6153846153846154,2025-11-13,30
1641737,Adem Bona,pts,7,-3.0,-1.6153846153846154,2025-11-13,30
1641740,Jaylen Clark,pts,7,0.12201630000000008,0.06570108461538465,2025-11-13,30
1641854,Craig Porter Jr.,pts,7,-3.0,-1.6153846153846154,2025-11-13,30
1642366,Quinten Post,pts,7,-0.14456939999999996,-0.07784506153846152,2025-11-13,30
1642847,Jeremiah Fears,pts,7,-0.9026879999999995,-0.4860627692307689,2025-11-13,30
1642851,Kon Knueppel,pts,7,3.0,1.6153846153846154,2025-11-13,30
101108,Chris Paul,pts,6,-3.0,-1.5,2025-11-13,30
202696,Nikola Vučević,pts,6,0.7904084999999998,0.3952042499999999,2025-11-13,30
203076,Anthony Davis,pts,6,3.0,1.5,2025-11-13,30
1628366,Lonzo Ball,pts,6,-3.0,-1.5,2025-11-13,30
1628963,Marvin Bagley III,pts,6,-3.0,-1.5,2025-11-13,30
1629008,Michael Porter Jr.,pts,6,3.0,1.5,2025-11-13,30
1629627,Zion Williamson,pts,6,1.415101,0.7075505,2025-11-13,30
1629723,John Konchar,pts,6,-1.92776445,-0.963882225,2025-11-13,30
1630529,Herbert Jones,pts,6,-0.6980502683979433,-0.34902513419897163,2025-11-13,30
1630541,Moses Moody,pts,6,-2.0436005,-1.02180025,2025-11-13,30
1630811,Keaton Wallace,pts,6,-3.0,-1.5,2025-11-13,30
1631104,Blake Wesley,pts,6,-1.9718698499999996,-0.9859349249999998,2025-11-13,30
1631117,Walker Kessler,pts,6,3.0,1.5,2025-11-13,30
1631172,Ousmane Dieng,pts,6,-3.0,-1.5,2025-11-13,30
1631212,Peyton Watson,pts,6,-3.0,-1.5,2025-11-13,30
1631217,Moussa Diabaté,pts,6,3.0,1.5,2025-11-13,30
1642867,Collin Murray-Boyles,pts,6,-3.0,-1.5,2025-11-13,30
1630172,Patrick Williams,reb,21,-1.6335734999999998,-1.1066143064516127,2025-11-13,30
1629675,Naz Reid,reb,18,-0.3316316500000003,-0.2131917750000002,2025-11-13,30
1630581,Josh Giddey,reb,18,1.0829886999999996,0.6962070214285712,2025-11-13,30
1628983,Shai Gilgeous-Alexander,reb,15,-0.5547219999999999,-0.33283319999999994,2025-11-13,30
1628991,Jaren Jackson Jr.,reb,15,-0.7483934999999997,-0.4490360999999998,2025-11-13,30
1642377,Jaylen Wells,reb,15,-0.3239576999999998,-0.19437461999999986,2025-11-13,30
203484,Kentavious Caldwell-Pope,reb,14,-0.3395501499999998,-0.19807092083333322,2025-11-13,30
1627759,Jaylen Brown,reb,14,0.1747774999999998,0.10195354166666656,2025-11-13,30
1628392,Isaiah Hartenstein,reb,14,0.7578264999999997,0.4420654583333332,2025-11-13,30
1628401,Derrick White,reb,14,-0.08120705000000017,-0.047370779166666765,2025-11-13,30
1629060,Rui Hachimura,reb,14,-0.8071375579895017,-0.4708302421605427,2025-11-13,30
1630202,Payton Pritchard,reb,14,-1.0753364091042712,-0.6272795719774916,2025-11-13,30
1630228,Jonathan Kuminga,reb,14,1.582656,0.9232160000000001,2025-11-13,30
1630583,Santi Aldama,reb,14,1.580011485208399,0.9216733663715662,2025-11-13,30
1641717,Cason Wallace,reb,14,-0.3733236500000001,-0.21777212916666674,2025-11-13,30
1641764,Brandin Podziemski,reb,14,-0.6923359999999996,-0.4038626666666665,2025-11-13,30
201942,DeMar DeRozan,reb,13,-0.8906129146428761,-0.5033899082764082,2025-11-13,30
203110,Draymond Green,reb,13,0.5338077999999999,0.301717452173913,2025-11-13,30
203924,Jerami Grant,reb,13,-0.3416557,-0.19310974347826085,2025-11-13,30
1627741,Buddy Hield,reb,13,-1.2280916999999998,-0.6941387869565215,2025-11-13,30
1629018,Gary Trent Jr.,reb,13,-0.4030855,-0.22783093478260866,2025-11-13,30
1629628,RJ Barrett,reb,13,-0.20751399999999975,-0.1172905217391303,2025-11-13,30
1629674,Neemias Queta,reb,13,1.8,1.017391304347826,2025-11-13,30
1630188,Jalen Smith,reb,13,-0.6619305999999998,-0.3741346869565216,2025-11-13,30
1630193,Immanuel Quickley,reb,13,0.5829662999999998,0.32950269130434773,2025-11-13,30
1630532,Franz Wagner,reb,13,1.0245410000000001,0.5790883913043479,2025-11-13,30
1631094,Paolo Banchero,reb,13,1.771624,1.0013526956521739,2025-11-13,30
1631101,Shaedon Sharpe,reb,13,-1.1286597,-0.6379380913043478,2025-11-13,30
1631108,Max Christie,reb,13,-0.20397070000000017,-0.11528778695652182,2025-11-13,30
1631157,Ryan Rollins,reb,13,-0.01071828547681708,-0.006058161356461827,2025-11-13,30
1631260,AJ Green,reb,13,-0.29389900000000013,-0.16611682608695658,2025-11-13,30
1641710,Anthony Black,reb,13,-0.9794035000000001,-0.5535758913043478,2025-11-13,30
1641783,Tristan da Silva,reb,13,-0.9010531592463984,-0.5092909160957904,2025-11-13,30
1642347,Jamal Shead,reb,13,-1.8,-1.017391304347826,2025-11-13,30
202710,Jimmy Butler III,reb,12,-0.19495675000000023,-0.10634004545454558,2025-11-13,30
203084,Harrison Barnes,reb,12,-0.9795597,-0.5343052909090908,2025-11-13,30
203468,CJ McCollum,reb,12,-1.27618585,-0.6961013727272727,2025-11-13,30
203897,Zach LaVine,reb,12,0.8575777,0.4677696545454545,2025-11-13,30
203944,Julius Randle,reb,12,0.9977446531252654,0.5442243562501448,2025-11-13,30
1626171,Bobby Portis,reb,12,-1.2400769999999994,-0.676405636363636,2025-11-13,30
1627884,Derrick Jones Jr.,reb,12,-0.6805459743187645,-0.37120689508296245,2025-11-13,30
1628960,Grayson Allen,reb,12,0.11637699999999995,0.06347836363636361,2025-11-13,30
1628970,Miles Bridges,reb,12,1.087058753428511,0.5929411382337332,2025-11-13,30
1628973,Jalen Brunson,reb,12,0.4794673999999999,0.2615276727272726,2025-11-13,30
1628978,Donte DiVincenzo,reb,12,0.3371677500000001,0.18390968181818185,2025-11-13,30
1629004,Svi Mykhailiuk,reb,12,-0.45588203179393716,-0.24866292643305662,2025-11-13,30
1629023,P.J. Washington,reb,12,1.3548236499999997,0.7389947181818179,2025-11-13,30
1629111,Jock Landale,reb,12,0.53834055,0.2936403,2025-11-13,30
1629640,Keldon Johnson,reb,12,-0.29133049999999994,-0.1589075454545454,2025-11-13,30
1629656,Quentin Grimes,reb,12,0.03443014999999994,0.018780081818181783,2025-11-13,30
1630166,Deni Avdija,reb,12,-1.439432542849068,-0.7851450233722188,2025-11-13,30
1630170,Devin Vassell,reb,12,-0.4738761,-0.25847787272727274,2025-11-13,30
1630178,Tyrese Maxey,reb,12,0.7537688,0.41114661818181814,2025-11-13,30
1630183,Jaden McDaniels,reb,12,0.04500713239203624,0.024549344941110676,2025-11-13,30
1630200,Tre Jones,reb,12,0.36584680000000014,0.19955280000000006,2025-11-13,30
1630230,Naji Marshall,reb,12,-0.6297655238908537,-0.3435084675768293,2025-11-13,30
1630530,Trey Murphy III,reb,12,0.9854492455281587,0.5375177702880866,2025-11-13,30
1630558,Davion Mitchell,reb,12,-1.4037435,-0.7656782727272727,2025-11-13,30
1630573,Sam Hauser,reb,12,0.18798899999999996,0.10253945454545452,2025-11-13,30
1630577,Julian Champagnie,reb,12,0.2069875000000001,0.11290227272727277,2025-11-13,30
1630596,Evan Mobley,reb,12,0.7917937500000001,0.43188750000000004,2025-11-13,30
1630700,Dyson Daniels,reb,12,0.5907658000000002,0.322235890909091,2025-11-13,30
1631170,Jaime Jaquez Jr.,reb,12,0.6775414999999998,0.36956809090909076,2025-11-13,30
1641709,Ausar Thompson,reb,12,-0.01714299999999991,-0.009350727272727222,2025-11-13,30
1641718,Keyonte George,reb,12,-1.0013074999999998,-0.5461677272727271,2025-11-13,30
1641730,Noah Clowney,reb,12,-0.3182850000000004,-0.17361000000000018,2025-11-13,30
1641824,Matas Buzelis,reb,12,-0.26503575,-0.14456495454545454,2025-11-13,30
1642259,Alex Sarr,reb,12,1.4717223499999998,0.8027576454545453,2025-11-13,30
1642263,Reed Sheppard,reb,12,0.20473255,0.1116723,2025-11-13,30
1642264,Stephon Castle,reb,12,-0.066846605995317,-0.03646178508835472,2025-11-13,30
1642276,Kel'el Ware,reb,12,0.4015231499999996,0.21901262727272705,2025-11-13,30
1642346,Ryan Dunn,reb,12,-0.35081715000000013,-0.19135480909090916,2025-11-13,30
1630172,Patrick Williams,threes,21,0.2446406000000001,0.17715353793103455,2025-11-13,30
1629675,Naz Reid,threes,18,0.19096124000000003,0.1322039353846154,2025-11-13,30
1630581,Josh Giddey,threes,18,0.10486280000000003,0.0725973230769231,2025-11-13,30
1628392,Isaiah Hartenstein,threes,15,-0.18299688,-0.11934579130434783,2025-11-13,30
1628983,Shai Gilgeous-Alexander,threes,15,-0.1655095000000002,-0.1079409782608697,2025-11-13,30
1642377,Jaylen Wells,threes,15,0.54107013,0.3528718239130435,2025-11-13,30
203484,Kentavious Caldwell-Pope,threes,14,-0.2953437000000001,-0.18794599090909098,2025-11-13,30
1628401,Derrick White,threes,14,0.21120929999999993,0.13440591818181813,2025-11-13,30
1628991,Jaren Jackson Jr.,threes,14,0.2966530500000001,0.18877921363636369,2025-11-13,30
1629060,Rui Hachimura,threes,14,0.37967154999999997,0.24160916818181816,2025-11-13,30
1629674,Neemias Queta,threes,14,-0.47371466500000003,-0.30145478681818183,2025-11-13,30
1630202,Payton Pritchard,threes,14,-0.7230962999999999,-0.4601521909090909,2025-11-13,30
1630228,Jonathan Kuminga,threes,14,-0.34772578499999995,-0.22128004499999998,2025-11-13,30
1630583,Santi Aldama,threes,14,-0.6186071,-0.3936590636363636,2025-11-13,30
1641717,Cason Wallace,threes,14,-0.03198495000000001,-0.020354059090909097,2025-11-13,30
201942,DeMar DeRozan,threes,13,-0.9033991,-0.5592470619047619,2025-11-13,30
203110,Draymond Green,threes,13,-0.3103621999999999,-0.1921289809523809,2025-11-13,30
203924,Jerami Grant,threes,13,-0.12444189999999988,-0.07703546190476183,2025-11-13,30
1627741,Buddy Hield,threes,13,-0.9545007999999999,-0.5908814476190476,2025-11-13,30
1627759,Jaylen Brown,threes,13,-0.1314731,-0.08138810952380954,2025-11-13,30
1627826,Ivica Zubac,threes,13,-0.23454884,-0.14519690095238097,2025-11-13,30
1627884,Derrick Jones Jr.,threes,13,-0.17416720000000008,-0.10781779047619053,2025-11-13,30
1628970,Miles Bridges,threes,13,1.0,0.6190476190476191,2025-11-13,30
1628976,Wendell Carter Jr.,threes,13,0.44496769801450364,0.27545619400897847,2025-11-13,30
1629018,Gary Trent Jr.,threes,13,0.0464853999999999,0.02877667619047613,2025-11-13,30
1629023,P.J. Washington,threes,13,-0.18269578,-0.11309738761904763,2025-11-13,30
1630188,Jalen Smith,threes,13,0.7255718390446004,0.4491635194085622,2025-11-13,30
1630532,Franz Wagner,threes,13,0.4432062,0.2743657428571429,2025-11-13,30
1631094,Paolo Banchero,threes,13,-0.4470084000000001,-0.2767194857142858,2025-11-13,30
1631101,Shaedon Sharpe,threes,13,-0.17023179999999982,-0.10538159047619038,2025-11-13,30
1631105,Jalen Duren,threes,13,0.033971349413119,0.02102988297002605,2025-11-13,30
1631108,Max Christie,threes,13,1.0,0.6190476190476191,2025-11-13,30
1631260,AJ Green,threes,13,1.0,0.6190476190476191,2025-11-13,30
1641710,Anthony Black,threes,13,-0.17348439999999998,-0.10739510476190475,2025-11-13,30
1641764,Brandin Podziemski,threes,13,-0.7033646,-0.435416180952381,2025-11-13,30
1641783,Tristan da Silva,threes,13,0.4216685,0.261032880952381,2025-11-13,30
1641824,Matas Buzelis,threes,13,0.6705941,0.41512968095238095,2025-11-13,30
1642259,Alex Sarr,threes,13,-0.71386355,-0.44191553095238095,2025-11-13,30
1642270,Donovan Clingan,threes,13,0.456226,0.2824256190476191,2025-11-13,30
1642276,Kel'el Ware,threes,13,0.80561256,0.4987125371428572,2025-11-13,30
1642347,Jamal Shead,threes,13,-0.8451401999999999,-0.5231820285714285,2025-11-13,30
203084,Harrison Barnes,threes,12,-0.07262041631062821,-0.04357224978637692,2025-11-13,30
203497,Rudy Gobert,threes,12,-0.0416359305,-0.0249815583,2025-11-13,30
203944,Julius Randle,threes,12,0.015177544090311135,0.00910652645418668,2025-11-13,30
1626162,Kelly Oubre Jr.,threes,12,0.5225436999999999,0.31352621999999997,2025-11-13,30
1626171,Bobby Portis,threes,12,0.27730338000000004,0.16638202800000002,2025-11-13,30
1628374,Lauri Markkanen,threes,12,1.0,0.6,2025-11-13,30
1628969,Mikal Bridges,threes,12,0.78372765,0.47023658999999995,2025-11-13,30
1629028,Deandre Ayton,threes,12,-0.37912885642135635,-0.2274773138528138,2025-11-13,30
1629111,Jock Landale,threes,12,0.54216745,0.32530047,2025-11-13,30
1629628,RJ Barrett,threes,12,0.3049895,0.1829937,2025-11-13,30
1629640,Keldon Johnson,threes,12,-0.39900823500000004,-0.239404941,2025-11-13,30
1630166,Deni Avdija,threes,12,0.9308301499999999,0.55849809,2025-11-13,30
1630168,Onyeka Okongwu,threes,12,0.16913255,0.10147953,2025-11-13,30
1630183,Jaden McDaniels,threes,12,0.28280582499999996,0.16968349499999996,2025-11-13,30
1630200,Tre Jones,threes,12,-0.753756235,-0.452253741,2025-11-13,30
1630217,Desmond Bane,threes,12,-0.36956530541958277,-0.22173918325174966,2025-11-13,30
1630230,Naji Marshall,threes,12,-0.76097876,-0.45658725599999994,2025-11-13,30
1630567,Scottie Barnes,threes,12,0.7201123,0.43206738,2025-11-13,30
1630595,Cade Cunningham,threes,12,-0.25257600000000013,-0.15154560000000009,2025-11-13,30
1630596,Evan Mobley,threes,12,0.22902396500000005,0.13741437900000003,2025-11-13,30
1630700,Dyson Daniels,threes,12,-0.9764151999999999,-0.5858491199999999,2025-11-13,30
1631128,Christian Braun,threes,12,-1.0,-0.6,2025-11-13,30
1631170,Jaime Jaquez Jr.,threes,12,-0.739226165,-0.443535699,2025-11-13,30
1641709,Ausar Thompson,threes,12,-0.33674068,-0.202044408,2025-11-13,30
1641718,Keyonte George,threes,12,-0.4394585999999999,-0.26367515999999996,2025-11-13,30
1642263,Reed Sheppard,threes,12,1.0,0.6,2025-11-13,30
1642264,Stephon Castle,threes,12,-0.51292235,-0.30775340999999995,2025-11-13,30
1642346,Ryan Dunn,threes,12,-0.5103530000000001,-0.30621180000000003,2025-11-13,30
202710,Jimmy Butler III,threes,11,-0.9343897000000001,-0.540962457894737,2025-11-13,30
203507,Giannis Antetokounmpo,threes,11,-0.5294650999999999,-0.3065324263157894,2025-11-13,30
203897,Zach LaVine,threes,11,-0.3976685999999998,-0.23022918947368412,2025-11-13,30
203903,Jordan Clarkson,threes,11,-0.27876829999999986,-0.16139217368421044,2025-11-13,30
203952,Andrew Wiggins,threes,11,-0.49282400000000015,-0.28531915789473694,2025-11-13,30
1626157,Karl-Anthony Towns,threes,11,0.49893504,0.28885712842105266,2025-11-13,30
1626164,Devin Booker,threes,11,-0.2040052000000001,-0.11810827368421059,2025-11-13,30
1626220,Royce O'Neale,threes,11,1.0,0.5789473684210527,2025-11-13,30
1627739,Kris Dunn,threes,11,-1.0,-0.5789473684210527,2025-11-13,30
1627750,Jamal Murray,threes,11,-0.09829233660749193,-0.05690608961486375,2025-11-13,30
1627783,Pascal Siakam,threes,11,-0.028507700000000025,-0.016504457894736858,2025-11-13,30
1628381,John Collins,threes,11,-0.5454885,-0.3158091315789474,2025-11-13,30
1628384,OG Anunoby,threes,11,0.29499960000000014,0.17078924210526325,2025-11-13,30
1628386,Jarrett Allen,threes,11,-0.03156188,-0.018272667368421053,2025-11-13,30
1628398,Kyle Kuzma,threes,11,-0.39677380000000007,-0.2297111473684211,2025-11-13,30
1628978,Donte DiVincenzo,threes,11,0.3855946000000001,0.2232389789473685,2025-11-13,30
1629020,Jarred Vanderbilt,threes,11,-0.12705710000000003,-0.07355937368421055,2025-11-13,30
1629611,Terance Mann,threes,11,-0.33682199999999995,-0.19500221052631578,2025-11-13,30
1629656,Quentin Grimes,threes,11,1.0,0.5789473684210527,2025-11-13,30
1630170,Devin Vassell,threes,11,1.0,0.5789473684210527,2025-11-13,30
1630180,Saddiq Bey,threes,11,0.6911927,0.4001641947368421,2025-11-13,30
1630191,Isaiah Stewart,threes,11,0.06616639999999996,0.038306863157894715,2025-11-13,30
1630193,Immanuel Quickley,threes,11,0.5818527,0.33686208947368423,2025-11-13,30
1630543,Isaiah Jackson,threes,11,-0.5486332,-0.3176297473684211,2025-11-13,30
1630549,Day'Ron Sharpe,threes,11,-0.21925506,-0.12693714,2025-11-13,30
1630558,Davion Mitchell,threes,11,-0.4987851000000001,-0.2887703210526316,2025-11-13,30
1630572,Sandro Mamukelashvili,threes,11,-0.4811951000000001,-0.27858663684210533,2025-11-13,30
1630573,Sam Hauser,threes,11,-0.3087719999999998,-0.17876273684210517,2025-11-13,30
1630577,Julian Champagnie,threes,11,-0.13123062,-0.07597562210526315,2025-11-13,30
1631106,Tari Eason,threes,11,0.9499035,0.5499441315789474,2025-11-13,30
1631157,Ryan Rollins,threes,11,-0.021808099999999886,-0.012625742105263092,2025-11-13,30
1631213,Tyrese Martin,threes,11,-0.46973090000000006,-0.27194946842105266,2025-11-13,30
1631221,Collin Gillespie,threes,11,0.07074990000000003,0.04096046842105265,2025-11-13,30
1631323,Simone Fontecchio,threes,11,1.0,0.5789473684210527,2025-11-13,30
1641705,Victor Wembanyama,threes,11,-0.7889004,-0.4567318105263158,2025-11-13,30
1641739,Toumani Camara,threes,11,0.901983,0.5222006842105263,2025-11-13,30
1642271,Kyle Filipowski,threes,11,0.007982000000000045,0.004621157894736868,2025-11-13,30
1642349,Ajay Mitchell,threes,11,0.04191239999999996,0.024265073684210506,2025-11-13,30
201144,Mike Conley,threes,10,-0.20747910000000003,-0.11526616666666668,2025-11-13,30
201935,James Harden,threes,10,0.9004559963684082,0.5002533313157824,2025-11-13,30
201939,Stephen Curry,threes,10,1.0,0.5555555555555556,2025-11-13,30
201950,Jrue Holiday,threes,10,0.8829358999999999,0.4905199444444444,2025-11-13,30
202691,Klay Thompson,threes,10,-0.2843437415972493,-0.15796874533180516,2025-11-13,30
203114,Khris Middleton,threes,10,-0.5067645760851757,-0.2815358756028754,2025-11-13,30
203468,CJ McCollum,threes,10,-0.08453165000000007,-0.04696202777777782,2025-11-13,30
203500,Steven Adams,threes,10,-0.1198156885122629,-0.06656427139570162,2025-11-13,30
203501,Tim Hardaway Jr.,threes,10,0.2891841999999999,0.16065788888888882,2025-11-13,30
203932,Aaron Gordon,threes,10,0.02464624999999998,0.013692361111111101,2025-11-13,30
203935,Marcus Smart,threes,10,-0.7334111,-0.40745061111111114,2025-11-13,30
1626167,Myles Turner,threes,10,0.6444658000000001,0.35803655555555564,2025-11-13,30
1627742,Brandon Ingram,threes,10,-0.6396446,-0.35535811111111115,2025-11-13,30
1628378,Donovan Mitchell,threes,10,0.7055674299137016,0.391981905507612,2025-11-13,30
1628404,Josh Hart,threes,10,-0.8304124500000001,-0.46134025000000006,2025-11-13,30
1628960,Grayson Allen,threes,10,1.0,0.5555555555555556,2025-11-13,30
1628973,Jalen Brunson,threes,10,0.5870556499999999,0.32614202777777773,2025-11-13,30
1628989,Kevin Huerter,threes,10,-0.15126264999999994,-0.08403480555555552,2025-11-13,30
1629004,Svi Mykhailiuk,threes,10,0.24094500000000002,0.13385833333333336,2025-11-13,30
1629048,Goga Bitadze,threes,10,-0.39389129,-0.21882849444444447,2025-11-13,30
1629630,Ja Morant,threes,10,-1.0,-0.5555555555555556,2025-11-13,30
1629638,Nickeil Alexander-Walker,threes,10,-0.5580039204319809,-0.3100021780177672,2025-11-13,30
1629661,Cameron Johnson,threes,10,-0.931176335,-0.5173201861111111,2025-11-13,30
1629731,Dean Wade,threes,10,-0.06327644999999993,-0.035153583333333294,2025-11-13,30
1630174,Aaron Nesmith,threes,10,0.8743962000000001,0.4857756666666667,2025-11-13,30
1630175,Cole Anthony,threes,10,-0.36088069999999994,-0.20048927777777775,2025-11-13,30
1630178,Tyrese Maxey,threes,10,0.8293111499999999,0.46072841666666664,2025-11-13,30
1630245,Ayo Dosunmu,threes,10,-0.3442716,-0.19126200000000002,2025-11-13,30
1630530,Trey Murphy III,threes,10,0.6672223748748779,0.37067909715270997,2025-11-13,30
1630552,Jalen Johnson,threes,10,-0.20708626000000005,-0.11504792222222225,2025-11-13,30
1630578,Alperen Sengun,threes,10,-0.3955551673342287,-0.21975287074123817,2025-11-13,30
1631095,Jabari Smith Jr.,threes,10,1.0,0.5555555555555556,2025-11-13,30
1631109,Mark Williams,threes,10,-0.52424629,-0.2912479388888889,2025-11-13,30
1641708,Amen Thompson,threes,10,-0.528637585,-0.29368754722222223,2025-11-13,30
1641730,Noah Clowney,threes,10,-0.24767359999999994,-0.1375964444444444,2025-11-13,30
1642258,Zaccharie Risacher,threes,10,0.014762200000000059,0.008201222222222256,2025-11-13,30
1642273,Kyshawn George,threes,10,-0.03527687640995525,-0.01959826467219736,2025-11-13,30
1642281,Jaylon Tyson,threes,10,0.7528998649825448,0.41827770276808046,2025-11-13,30
1642285,Cam Spencer,threes,10,0.13276844999999993,0.07376024999999996,2025-11-13,30
1642345,Oso Ighodaro,threes,10,-0.72667259,-0.4037069944444444,2025-11-13,30
1642907,Cedric Coward,threes,10,-0.69683205,-0.3871289166666667,2025-11-13,30
201142,Kevin Durant,threes,9,-0.24305559999999993,-0.12867649411764703,2025-11-13,30
201572,Brook Lopez,threes,9,-0.029852200000000106,-0.015804105882353,2025-11-13,30
201587,Nicolas Batum,threes,9,-0.19213820000000004,-0.10172022352941179,2025-11-13,30
1626156,D'Angelo Russell,threes,9,-1.0,-0.5294117647058824,2025-11-13,30
1628389,Bam Adebayo,threes,9,0.17443680000000006,0.09234889411764709,2025-11-13,30
1628971,Bruce Brown,threes,9,-0.37563560000000007,-0.19886590588235298,2025-11-13,30
1629012,Collin Sexton,threes,9,-0.4276643,-0.2264105117647059,2025-11-13,30
1630171,Isaac Okoro,threes,9,0.3793442,0.2008292823529412,2025-11-13,30
1630533,Ziaire Williams,threes,9,-0.4707291,-0.24920952352941178,2025-11-13,30
1630598,Aaron Wiggins,threes,9,0.08962289999999995,0.047447417647058794,2025-11-13,30
1631169,Josh Minott,threes,9,0.09834620000000005,0.052065635294117674,2025-11-13,30
1631222,Jake LaRavia,threes,9,-0.3523076999999999,-0.18651584117647052,2025-11-13,30
1641707,Taylor Hendricks,threes,9,-0.6220912,-0.3293424,2025-11-13,30
1641716,Jarace Walker,threes,9,-0.25757490000000005,-0.1363631823529412,2025-11-13,30
1641767,Ben Sheppard,threes,9,-0.06453669999999989,-0.034166488235294064,2025-11-13,30
1641796,Pelle Larsson,threes,9,-0.2896738000000001,-0.15335671764705888,2025-11-13,30
1642843,Cooper Flagg,threes,9,0.011447102015685995,0.006060230478892586,2025-11-13,30
1642845,VJ Edgecombe,threes,9,0.14940810000000004,0.07909840588235297,2025-11-13,30
1642846,Ace Bailey,threes,9,-0.8935323,-0.47304651176470586,2025-11-13,30
201566,Russell Westbrook,threes,8,-0.57402965,-0.287014825,2025-11-13,30
203083,Andre Drummond,threes,8,-0.11751734999999999,-0.058758674999999996,2025-11-13,30
1628379,Luke Kennard,threes,8,-0.21956942000000007,-0.10978471000000004,2025-11-13,30
1629006,Josh Okogie,threes,8,0.08445032500000005,0.042225162500000024,2025-11-13,30
1629013,Landry Shamet,threes,8,-0.3940029999999999,-0.19700149999999994,2025-11-13,30
1629014,Anfernee Simons,threes,8,0.034793500000000144,0.017396750000000072,2025-11-13,30
1629652,Luguentz Dort,threes,8,-0.019775625000000074,-0.009887812500000037,2025-11-13,30
1630534,Ochai Agbaji,threes,8,-1.0,-0.5,2025-11-13,30
1630557,Corey Kispert,threes,8,0.11095316224539242,0.05547658112269621,2025-11-13,30
1630559,Austin Reaves,threes,8,-0.3236431499999999,-0.16182157499999994,2025-11-13,30
1630591,Jalen Suggs,threes,8,0.08700359999999996,0.04350179999999998,2025-11-13,30
1630631,Jose Alvarado,threes,8,-0.35488964999999995,-0.17744482499999997,2025-11-13,30
1641711,Gradey Dick,threes,8,0.41152455,0.205762275,2025-11-13,30
1641722,Jordan Hawkins,threes,8,-0.80009065,-0.400045325,2025-11-13,30
1641750,Ryan Kalkbrenner,threes,8,-0.6137413700000001,-0.30687068500000003,2025-11-13,30
1642261,Dalton Knecht,threes,8,-0.3900667365674856,-0.1950333682837428,2025-11-13,30
1642383,Walter Clayton Jr.,threes,8,-0.3356608499999999,-0.16783042499999995,2025-11-13,30
1642847,Jeremiah Fears,threes,8,-0.6853540499999999,-0.34267702499999997,2025-11-13,30
1642848,Tre Johnson,threes,8,0.44665884341156825,0.22332942170578413,2025-11-13,30
1642851,Kon Knueppel,threes,8,0.81937825,0.409689125,2025-11-13,30
1642852,Derik Queen,threes,8,-0.684402325,-0.3422011625,2025-11-13,30
1642883,Sion James,threes,8,-0.25962744999999987,-0.12981372499999994,2025-11-13,30
202695,Kawhi Leonard,threes,7,-0.9213018000000002,-0.4299408400000001,2025-11-13,30
1626181,Norman Powell,threes,7,0.6522553000000002,0.30438580666666676,2025-11-13,30
1627751,Jakob Poeltl,threes,7,-0.2353077,-0.10981026,2025-11-13,30
1627752,Taurean Prince,threes,7,-0.5974644,-0.27881672,2025-11-13,30
1629008,Michael Porter Jr.,threes,7,1.0,0.4666666666666667,2025-11-13,30
1629130,Duncan Robinson,threes,7,0.7018015536974227,0.32750739172546395,2025-11-13,30
1629627,Zion Williamson,threes,7,-0.4468256924369422,-0.20851865647057302,2025-11-13,30
1629673,Jordan Poole,threes,7,-0.7653648796176147,-0.35717027715488686,2025-11-13,30
1630163,LaMelo Ball,threes,7,1.0,0.4666666666666667,2025-11-13,30
1630544,Tre Mann,threes,7,0.6528225999999999,0.30465054666666663,2025-11-13,30
1630545,Terrence Shannon Jr.,threes,7,-0.20788318,-0.09701215066666667,2025-11-13,30
1630560,Cam Thomas,threes,7,0.5351406000000001,0.24973228000000003,2025-11-13,30
1631200,Kris Murray,threes,7,-0.64664745,-0.30176881,2025-11-13,30
1641737,Adem Bona,threes,7,-0.43173137,-0.20147463933333334,2025-11-13,30
1641740,Jaylen Clark,threes,7,-0.035248995,-0.016449531,2025-11-13,30
1641854,Craig Porter Jr.,threes,7,-1.0,-0.4666666666666667,2025-11-13,30
1642366,Quinten Post,threes,7,0.7893505999999999,0.3683636133333333,2025-11-13,30
101108,Chris Paul,threes,6,-1.0,-0.42857142857142855,2025-11-13,30
203076,Anthony Davis,threes,6,-0.636420975,-0.2727518464285714,2025-11-13,30
1628366,Lonzo Ball,threes,6,0.04746234377035319,0.020341004473008507,2025-11-13,30
1628370,Malik Monk,threes,6,-0.22464059999999997,-0.09627454285714283,2025-11-13,30
1628963,Marvin Bagley III,threes,6,-0.397228645,-0.17024084785714286,2025-11-13,30
1629723,John Konchar,threes,6,-0.54539803,-0.23374201285714283,2025-11-13,30
1630529,Herbert Jones,threes,6,0.36649621320942705,0.157069805661183,2025-11-13,30
1630541,Moses Moody,threes,6,0.4099369,0.17568724285714285,2025-11-13,30
1630811,Keaton Wallace,threes,6,-0.7849957030372386,-0.33642672987310224,2025-11-13,30
1631104,Blake Wesley,threes,6,-0.5677037199999999,-0.24330159428571424,2025-11-13,30
1631117,Walker Kessler,threes,6,0.6414250520912804,0.274896450896263,2025-11-13,30
1631165,Keon Ellis,threes,6,-0.4842310999999999,-0.20752761428571423,2025-11-13,30
1631172,Ousmane Dieng,threes,6,-0.2995305,-0.12837021428571427,2025-11-13,30
1631212,Peyton Watson,threes,6,-0.6120582360940869,-0.2623106726117515,2025-11-13,30
1631217,Moussa Diabaté,threes,6,-0.24427780500000001,-0.10469048785714286,2025-11-13,30
1641729,Brice Sensabaugh,threes,6,-0.36631645,-0.1569927642857143,2025-11-13,30
1642867,Collin Murray-Boyles,threes,6,-0.3405723,-0.14595955714285713,2025-11-13,30
