date,snapshot_ts,player_id,player_name,team,stat,side,line,price,implied_prob,model_prob,model_prob_raw,edge,ev,bookmaker,bookmaker_title,commence_time,home_team,away_team,sentiment_strength,sentiment_w,sentiment_applied
2026-05-19,2026-05-18T14:52:19.557027+00:00,2529140,Alyssa Thomas,PHX,ast,UNDER,8.5,106,0.4854368932038835,0.5463520566679937,0.8915379829646181,0.06091516346411019,0.12548523673606704,fanduel,FanDuel,2026-05-20T02:00:00Z,Phoenix Mercury,Toronto Tempo,,,False
2026-05-19,2026-05-18T14:52:19.557027+00:00,2988756,Brittney Sykes,TOR,ast,UNDER,4.5,-130,0.5652173913043478,0.6224083243051306,0.9464902779762333,0.05719093300078282,0.1011839583860003,fanduel,FanDuel,2026-05-20T02:00:00Z,Phoenix Mercury,Toronto Tempo,,,False
2026-05-19,2026-05-18T14:52:19.557027+00:00,2988756,Brittney Sykes,TOR,pa,UNDER,23.5,-108,0.5192307692307693,0.6224459102727801,0.9883905012399092,0.1032151410420108,0.19878471608090975,fanduel,FanDuel,2026-05-20T02:00:00Z,Phoenix Mercury,Toronto Tempo,,,False
2026-05-19,2026-05-18T14:52:19.557027+00:00,2529140,Alyssa Thomas,PHX,pa,UNDER,25.5,-125,0.5555555555555556,0.6347443485043311,0.9155046144136264,0.07918879294877557,0.14253982730779613,fanduel,FanDuel,2026-05-20T02:00:00Z,Phoenix Mercury,Toronto Tempo,,,False
2026-05-19,2026-05-18T14:52:19.557027+00:00,2988756,Brittney Sykes,TOR,pr,UNDER,23.5,-128,0.5614035087719298,0.6494220643405655,0.9614878522657282,0.08801855556863569,0.15678305210663224,fanduel,FanDuel,2026-05-20T02:00:00Z,Phoenix Mercury,Toronto Tempo,,,False
2026-05-19,2026-05-18T14:52:19.557027+00:00,3904576,Marina Mabrey,TOR,pr,UNDER,22.5,-118,0.5412844036697247,0.6229048126254042,0.9122862625591766,0.08162040895567946,0.1507902470537128,fanduel,FanDuel,2026-05-20T02:00:00Z,Phoenix Mercury,Toronto Tempo,,,False
2026-05-19,2026-05-18T14:52:19.557027+00:00,2529140,Alyssa Thomas,PHX,pr,UNDER,24.5,-106,0.5145631067961165,0.5522305572376752,0.6857787906213835,0.037667450441558725,0.07320278104680278,fanduel,FanDuel,2026-05-20T02:00:00Z,Phoenix Mercury,Toronto Tempo,,,False
2026-05-19,2026-05-18T14:52:19.557027+00:00,2988756,Brittney Sykes,TOR,pra,UNDER,27.5,-110,0.5238095238095238,0.5960474609700844,0.9604072599651081,0.0722379371605606,0.1379087891247066,fanduel,FanDuel,2026-05-20T02:00:00Z,Phoenix Mercury,Toronto Tempo,,,False
2026-05-19,2026-05-18T14:52:19.557027+00:00,3904576,Marina Mabrey,TOR,pra,UNDER,25.5,-112,0.5283018867924528,0.5875634657181823,0.8952413674462167,0.059261578925729474,0.11217370296655937,fanduel,FanDuel,2026-05-20T02:00:00Z,Phoenix Mercury,Toronto Tempo,,,False
2026-05-19,2026-05-18T14:52:19.557027+00:00,2529140,Alyssa Thomas,PHX,pra,UNDER,33.5,-102,0.504950495049505,0.5572778177828412,0.8089142628609313,0.05232732273333629,0.10362861953072477,fanduel,FanDuel,2026-05-20T02:00:00Z,Phoenix Mercury,Toronto Tempo,,,False
2026-05-19,2026-05-18T14:52:19.557027+00:00,2988756,Brittney Sykes,TOR,pts,UNDER,19.5,-122,0.5495495495495496,0.7080325850244378,0.9622946333876394,0.15848303547488818,0.2883871629133212,fanduel,FanDuel,2026-05-20T02:00:00Z,Phoenix Mercury,Toronto Tempo,,,False
2026-05-19,2026-05-18T14:52:19.557027+00:00,3904576,Marina Mabrey,TOR,pts,UNDER,18.5,-122,0.5495495495495496,0.6834831808977841,0.9077404019950758,0.13393363134823455,0.24371529638777112,fanduel,FanDuel,2026-05-20T02:00:00Z,Phoenix Mercury,Toronto Tempo,,,False
2026-05-19,2026-05-18T14:52:19.557027+00:00,2529140,Alyssa Thomas,PHX,pts,UNDER,16.5,-130,0.5652173913043478,0.6247731579654204,0.777273684367601,0.05955576666107265,0.10536789486189774,fanduel,FanDuel,2026-05-20T02:00:00Z,Phoenix Mercury,Toronto Tempo,,,False
2026-05-19,2026-05-18T14:52:19.557027+00:00,2998938,Kahleah Copper,PHX,pts,UNDER,18.5,-114,0.5327102803738317,0.5358538752962019,0.5796752784360042,0.003143594922370152,0.005901134327957858,fanduel,FanDuel,2026-05-20T02:00:00Z,Phoenix Mercury,Toronto Tempo,,,False
2026-05-19,2026-05-18T14:52:19.557027+00:00,2988756,Brittney Sykes,TOR,ra,UNDER,8.5,-132,0.5689655172413793,0.6166369590590584,0.7856538891399205,0.04767144181767902,0.08378617046743592,fanduel,FanDuel,2026-05-20T02:00:00Z,Phoenix Mercury,Toronto Tempo,,,False
2026-05-19,2026-05-18T14:52:19.557027+00:00,2529140,Alyssa Thomas,PHX,ra,UNDER,17.5,-114,0.5327102803738317,0.5766788991203601,0.732567638312597,0.043968618746528354,0.08253758255927235,fanduel,FanDuel,2026-05-20T02:00:00Z,Phoenix Mercury,Toronto Tempo,,,False
2026-05-19,2026-05-18T14:52:19.557027+00:00,2529140,Alyssa Thomas,PHX,reb,OVER,8.5,-112,0.5283018867924528,0.5437433412808227,0.6312449167149186,0.015441454488369866,0.029228467424414428,fanduel,FanDuel,2026-05-20T02:00:00Z,Phoenix Mercury,Toronto Tempo,,,False
2026-05-19,2026-05-18T14:52:19.557027+00:00,2988756,Brittney Sykes,TOR,reb,OVER,3.5,-144,0.5901639344262295,0.5992765972524824,0.650915019934582,0.009112662826252893,0.015440900900039578,fanduel,FanDuel,2026-05-20T02:00:00Z,Phoenix Mercury,Toronto Tempo,,,False
2026-05-19,2026-05-18T14:52:19.557027+00:00,3904576,Marina Mabrey,TOR,threes,UNDER,2.5,112,0.4716981132075472,0.8110869309409903,0.8110869309409903,0.3393888177334431,0.7195042935948994,fanduel,FanDuel,2026-05-20T02:00:00Z,Phoenix Mercury,Toronto Tempo,,,False
2026-05-19,2026-05-18T14:52:19.557027+00:00,2988756,Brittney Sykes,TOR,threes,UNDER,1.5,-168,0.6268656716417911,0.7468072780204744,0.7468072780204744,0.11994160637868334,0.1913354196993282,fanduel,FanDuel,2026-05-20T02:00:00Z,Phoenix Mercury,Toronto Tempo,,,False
2026-05-19,2026-05-18T14:52:19.557027+00:00,2998938,Kahleah Copper,PHX,threes,UNDER,2.5,-174,0.635036496350365,0.6875902873053473,0.6875902873053473,0.05255379095498236,0.0827571190900297,fanduel,FanDuel,2026-05-20T02:00:00Z,Phoenix Mercury,Toronto Tempo,,,False
